feature,ks_stat,ks_pval,mw_pval,cohens_d,Patient_mean,Control_mean,Patient_std,Control_std,-log10_ks_p
rh_cuneus_MD,0.7990351998816455,2.8594591258791926e-99,9.508372927743499e-80,2.3112221269528743,0.7220060275175878,1.4958587049149152,0.21166124829520763,0.42357261606408203,98.54371610703198
lh_inferiorparietal_MK,0.7962137143219452,2.4816306466582833e-98,6.798252368102709e-78,2.27736500737636,0.9690931924753786,1.417786549865245,0.13063022875730124,0.2461135777442621,97.60526285621954
rh_cuneus_MK,0.7932284346567192,1.780807998973847e-97,1.6925481097067705e-80,2.355857396414891,0.7208405618489897,1.5019069730355317,0.2203983933742947,0.4138419496773386,96.74938290225555
lh_superiorparietal_MD,0.7892234045925753,3.3204246666018104e-96,1.2672946788543644e-78,2.302368453820455,0.9572091437918505,1.4313005064501876,0.14049692400404545,0.2550731055617323,95.47880636853469
rh_superiorparietal_MK,0.7876647187496698,1.0175197090628355e-95,3.7826707137805663e-81,2.370900541498067,0.9358444295645554,1.421727421355718,0.1485878508871041,0.24883572835162554,94.9924571698626
lh_inferiorparietal_MD,0.7849224884023206,6.770934352790016e-95,2.0772431719839358e-77,2.2393780523131595,0.9676566943536138,1.4170602456117234,0.12976336665877977,0.2524049216117946,94.16935139685968
lh_medialorbitofrontal_MD,0.783738943897877,1.491476065884376e-94,9.671014591046274e-80,2.269775351780376,0.946618040871227,1.4258439587092253,0.15034339711645128,0.25797613368690187,93.82638371148579
lh_superiorparietal_MK,0.783416639367649,1.9114661095197934e-94,3.442478699422412e-79,2.3356067370728417,0.951884973794738,1.4257780379407081,0.1423896275641184,0.24912141187244316,93.71863339766014
lh_paracentral_MK,0.780378522894189,1.5109777658199268e-93,3.575762743953241e-79,2.2809914121239676,1.0198191035376032,1.3948276126923986,0.12499439107829322,0.19604851520930475,92.82074192629814
lh_rostralmiddlefrontal_MK,0.7783073200114128,5.363797341023173e-93,5.184864448189702e-79,2.302706180916691,0.9964113191187433,1.3953515521334046,0.12478960268008574,0.21084969240203627,92.27052763934729
lh_cuneus_MK,0.7779850154811848,6.8037047021845105e-93,1.6245269050818344e-76,2.2131779583329028,0.7805740311446079,1.465882895230988,0.17686756836473994,0.4006034973126519,92.1672545441181
lh_transversetemporal_MD,0.7768014709767412,1.485486578176657e-92,1.0661513136914614e-79,2.300607743446567,0.8887581862726394,1.4376337837974291,0.20149587352480677,0.270626747133248,91.82813126782541
lh_precuneus_MD,0.7763999112341622,2.2303521980341734e-92,2.449165382341609e-75,2.198084420024472,0.9346242660674369,1.4190784618433752,0.1335532475268713,0.28162812720830405,91.6516265514876
lh_cuneus_MD,0.7755122528558295,3.988503235601357e-92,6.842583949197091e-76,2.17639471213387,0.7774815259296931,1.4718819190672583,0.1805880791229438,0.41350508105657335,91.39919005129904
rh_frontalpole_MD,0.7743022899472689,8.789464327586309e-92,3.6372570076940066e-79,2.2809017662101283,0.6515866474579499,1.5067592838004777,0.2663474800104932,0.4584759260893224,91.0560375921233
lh_parsopercularis_MK,0.7742758715431518,9.260571699085436e-92,3.135399722778728e-75,2.196026365961728,0.9756745365183159,1.4086933443453034,0.14024130114158648,0.2410281215452972,91.03336220142886
rh_superiorparietal_MD,0.7737369360991642,1.1554920418732068e-91,1.6573722856385032e-80,2.350377786889439,0.930706880189829,1.42074469375756,0.15143566372363046,0.25299422607575867,90.9372330412558
lh_medialorbitofrontal_MK,0.7715600595999197,5.467616494405067e-91,1.5747465716973292e-80,2.3070997003909977,0.941171981219063,1.4235104944785022,0.15386268437570297,0.2524763982117746,90.26220195500485
lh_precuneus_MK,0.7706195644133529,1.0487208920767165e-90,4.9551753007231886e-76,2.221508097078633,0.9369781242591111,1.4152114915213918,0.13331336410349157,0.2737033156696509,89.9793400801188
lh_rostralmiddlefrontal_MD,0.7687914108484535,3.495350943549432e-90,9.99409902482374e-78,2.248618566727271,0.9973313797980378,1.3959440067375846,0.1255768535096228,0.21697871774953884,89.45650921328156
lh_lateraloccipital_MK,0.7684955247223426,4.241290083518477e-90,4.717377346622672e-78,2.2566806050318218,1.0121128341211005,1.3961563626642461,0.12620781832396552,0.20492569634209393,89.37250202290389
rh_rostralmiddlefrontal_MK,0.766963257283554,1.157640707524981e-89,3.38438583545504e-79,2.287472261153624,1.0018045305985295,1.3880341350451741,0.13120157739557922,0.19950892932542344,88.93642620999663
rh_frontalpole_MK,0.764273863744439,6.094139440063001e-89,7.888131004423698e-80,2.3199283293245845,0.6452011407833765,1.506638058194756,0.27486095038464536,0.44744750118523646,88.21508761290345
lh_MeanThickness_MD,0.7638987224059769,8.421239795105469e-89,2.637633506156232e-75,2.179995371570636,0.9915683722505787,1.3949049077925066,0.11789973995162129,0.23358583982019632,88.07462396591886
lh_lateraloccipital_MD,0.763602836279866,1.0252064457643041e-88,1.3062427460411347e-77,2.218166020870224,1.008185849847478,1.395319037878345,0.12435483812501984,0.2132047578070921,87.98918867194637
lh_transversetemporal_MK,0.7633862053661062,1.0389211309169392e-88,2.015985449958955e-80,2.3456273440608078,0.8860103515511991,1.4393984897293746,0.20511181285619562,0.2631515704284036,87.98341742040014
lh_MeanThickness_MK,0.7605911382105229,7.075332589990491e-88,3.064414197727389e-76,2.209017511708479,0.9995913167505616,1.3971849051809855,0.11759794823250146,0.22574562463254447,87.15025314045347
lh_parsopercularis_MD,0.7593811753019624,1.5116720426686653e-87,1.5810234715131295e-74,2.169319899665067,0.9711562493540793,1.4115971337533604,0.14399801507859508,0.24841171560294903,86.82054241882706
rh_inferiorparietal_MK,0.7591381259840856,1.598810632511398e-87,2.5074027744949012e-79,2.303135216350192,0.9416370880724336,1.4130268409073876,0.1647819998660077,0.23796853319426706,86.79620297222975
rh_rostralmiddlefrontal_MD,0.7581712123934018,3.2069470826215393e-87,1.2953629663705449e-77,2.251953567260643,1.0014778195525225,1.390900906327557,0.13147656382785455,0.20620683307075677,86.49390820624401
rh_medialorbitofrontal_MK,0.7569612494848411,6.7751687785012585e-87,3.1022137625450427e-78,2.278855558483015,0.9159445502578032,1.4284871173833635,0.1847912807921405,0.2588884647335207,86.16907988146333
lh_paracentral_MD,0.7545413236677199,3.0239677766750198e-86,3.5942786179113154e-78,2.242039065139517,1.0170887072976962,1.3948570921089305,0.12653277784457095,0.20191430735076552,85.51942284097731
rh_lateraloccipital_MK,0.754245437541609,3.601747664654647e-86,1.78284024431308e-75,2.1782770839765404,1.02018509324209,1.390331058290751,0.12999428516262937,0.20211678159280633,85.44348671674881
rh_precuneus_MK,0.7535744100770361,6.1960492700827314e-86,1.4349473152621678e-69,1.9914741454295775,0.964923902490217,1.4067356247976484,0.11781188065771628,0.29078621732900123,85.20788513745254
rh_posteriorcingulate_MK,0.7533049423550422,6.890865537855593e-86,2.5386107349481703e-79,2.3094249744670403,1.0133701086577924,1.3912208615652648,0.14055130403787988,0.183802665117505,85.16172622443403
lh_posteriorcingulate_MK,0.7493527490991324,8.04658110340182e-85,1.2050629829621675e-75,2.1569784297596994,1.0136263910749905,1.3839081076112347,0.12453595693862747,0.20839821938213865,84.09438860700116
lh_supramarginal_MK,0.7492999122908983,8.991209026473226e-85,3.265442907056495e-68,1.9601880708799098,0.9581921202958059,1.3990609716756321,0.11347389390184581,0.29714314161645505,84.04618190579497
rh_posteriorcingulate_MD,0.7483858355084486,1.5862717452786276e-84,4.2885288148601156e-79,2.2815320276227635,1.0124053988214672,1.3923128183358278,0.14061898576952342,0.1888921403427815,83.79962241136546
rh_paracentral_MD,0.7465841003476662,4.778459184414008e-84,7.55712103790468e-75,2.1063861880380395,1.013313612472482,1.3802797131624,0.117360504838525,0.21663082942226652,83.32071211919995
rh_parsopercularis_MK,0.7462617958174382,5.907015967771495e-84,1.2929542993209007e-74,2.165465848747459,0.9881170166095552,1.3899094206496163,0.1324848330003922,0.22649949358326465,83.22863185516124
rh_paracentral_MK,0.7456436051610994,8.63673283268527e-84,1.0486626989317377e-75,2.1563410451172396,1.0151261277779169,1.382709835787134,0.1169293689129608,0.21082009822372494,83.06365051459065
rh_inferiorparietal_MD,0.7432765161522122,3.333580993878688e-83,5.960438386226735e-79,2.2775691778039353,0.9336632515506633,1.4155548036070658,0.17068160784259814,0.24576669680843535,82.47708898863583
rh_lateraloccipital_MD,0.7429806300261014,3.951506650908681e-83,1.5426365857126764e-74,2.125209346922898,1.0190032371052082,1.3904836474972924,0.1312600007436517,0.20947280933052959,82.40323728274905
rh_precuneus_MD,0.7419872980313005,8.1114927512672e-83,1.6108682050878747e-69,1.9720061154881379,0.9625376667333139,1.4082831824827176,0.11757755321807332,0.29725509062931543,82.09089921558143
rh_parsopercularis_MD,0.7417442487134237,8.670450947599291e-83,2.1796730502623673e-73,2.115811359819562,0.9874307908632799,1.3931628641540341,0.13296871364019106,0.23635692929522492,82.06195831440833
lh_supramarginal_MD,0.7389491815578405,5.1417132618400856e-82,4.558427203183739e-67,1.9210984471241368,0.9522210942769518,1.399388060560086,0.11957304005739412,0.30669623978734745,81.28889214633821
lh_frontalpole_MK,0.7377392186492798,1.066842866432742e-81,1.341406138785193e-75,2.1680373113567555,0.754517340968796,1.5053485233568318,0.2437021529043151,0.42483186037433934,80.97189954239988
lh_frontalpole_MD,0.73752258773552,1.0816862350334937e-81,7.618983124634473e-76,2.151051246251373,0.7439825939732987,1.5095149930188752,0.2546457829508018,0.43412837837470414,80.9658986968589
lh_postcentral_MK,0.7359374834884974,3.059082038485757e-81,1.715974591370662e-69,1.9878252312195321,1.0469850692557179,1.3708894661577367,0.11000092240577042,0.20248791992165396,80.51440887594637
rh_medialorbitofrontal_MD,0.7351026619183988,4.661023279678492e-81,1.309374318128898e-76,2.2327396347110775,0.9112699773031293,1.429128686631323,0.187943038181138,0.26882806331528747,80.33151872795979
rh_transversetemporal_MK,0.7343787976455918,8.017175300411293e-81,6.162382079270822e-79,2.319381207065727,0.8914272328449963,1.4327717187081506,0.20380606472707558,0.2596431688568142,80.09597862018595
rh_transversetemporal_MD,0.7338662806057211,9.698392052516405e-81,5.331685100607313e-78,2.2841743173233664,0.8918330232098503,1.4352478199172156,0.20295441424685828,0.26834004162169395,80.01330026373431
lh_posteriorcingulate_MD,0.7338398622016041,1.0000488195361117e-80,1.0267680960862416e-73,2.11098651621762,1.0047826551555454,1.3856191067650314,0.13285920053639041,0.21781116599364084,79.99997879846238
lh_postcentral_MD,0.7209899504390739,2.0757024547946634e-77,9.38440349428529e-69,1.9622182279395528,1.0429583107407272,1.3748323287210704,0.11340579987024689,0.21059542820564903,76.68283490106546
lh_superiortemporal_MD,0.7192410520865256,5.102814494762688e-77,9.996318678623897e-71,2.0304004362420764,1.024064667430353,1.3812673075962365,0.14527533744136184,0.20197977027349093,76.29219021951126
lh_fusiform_MD,0.718031089177965,1.0197176915567233e-76,8.728378454541619e-71,2.0177906108394996,1.0741798250888905,1.3733167609303678,0.12093808057909751,0.17125989663159916,75.99152004585487
lh_fusiform_MK,0.7161500988048314,3.211298927538015e-76,4.1967111932212284e-72,2.056309565839222,1.07795032908737,1.3729939069887402,0.11748168308004321,0.16544567052345677,75.4933192657391
lh_lingual_MK,0.7134342868615993,1.4319518139593294e-75,7.341707202316825e-70,2.0012073570303035,1.0876243872881541,1.3636715293555859,0.09524793609924272,0.17024359925483232,74.84407159605307
lh_superiortemporal_MK,0.7122243239530387,2.80523785209727e-75,2.2374843148410168e-72,2.0833568156961206,1.027099478598077,1.3823931009579462,0.13969860616221458,0.19659962291786595,74.5520303096399
rh_superiortemporal_MD,0.7096987245194493,1.264032655870082e-74,6.458193360343612e-69,1.9709488988439368,1.0389067861248706,1.3951749133612836,0.12308887336786689,0.22404746353088714,73.89824170605286
lh_bankssts_MK,0.7088374845452335,2.0079621246191245e-74,3.208398468756402e-63,1.8317782673626535,1.0047717678916415,1.3874702400055365,0.13630469540681076,0.2621405998546672,73.69724448337166
rh_insula_MK,0.7088110661411166,2.0879001933027484e-74,1.1177182804000208e-70,2.0181086658662335,1.0379290371707868,1.3797367840759145,0.12478820642022034,0.2044517702113344,73.680290265504
rh_postcentral_MK,0.7088110661411166,2.0879001933027484e-74,2.702984770003105e-71,2.045791939845172,1.0708318965425665,1.3678660630383062,0.1134196086912811,0.1711661887576512,73.680290265504
rh_postcentral_MD,0.707278798702328,4.90837684093618e-74,1.684849288288552e-68,1.9660123892072394,1.0729941103822445,1.3671343550493626,0.11406568658684721,0.1782046161926621,73.30906210167925
lh_insula_MK,0.7052868510319029,1.359879632706328e-73,6.377732523976563e-76,2.1896187667203257,1.0474273458802938,1.3730781356856379,0.12534502743671747,0.1688987991691463,72.86649953072161
rh_superiortemporal_MK,0.7042406822288679,2.6462316700848675e-73,3.5096720224808195e-71,2.034707307486715,1.0355282530440084,1.3940101553390312,0.12597382106878716,0.21496944936997078,72.57737213723274
lh_caudalanteriorcingulate_MK,0.7027348331941964,6.02189965696104e-73,5.860955930477096e-70,2.0295897154043723,1.0423814146138553,1.382173557982423,0.13722721826957432,0.19294304963459627,72.22026648542094
lh_insula_MD,0.6988618951506378,4.584132631981892e-72,1.9525265240237905e-75,2.1626507613342443,1.0381357353960288,1.37505141775542,0.1333546175536115,0.17537540841458799,71.33874282548557
lh_lingual_MD,0.6985395906204098,5.468481971046009e-72,2.859956863477297e-67,1.9273143438158915,1.0893143286633755,1.362948206543359,0.09791755214931136,0.17529108113180636,71.26213321536588
rh_supramarginal_MK,0.697921399964071,7.698574572336372e-72,2.708714797787116e-69,1.988480212846254,0.9789412217755394,1.4072670312816498,0.1503833107762732,0.2649193977708467,71.11358967907111
lh_middletemporal_MK,0.6971711172871469,1.2334169584708302e-71,7.743764614847238e-61,1.7586556142462475,0.9682483682274519,1.4054166651119764,0.14334168339871134,0.3209955558569081,70.90889008467599
rh_fusiform_MD,0.694936120298845,3.909193876631962e-71,3.0544533378399674e-69,1.9885041573517186,1.0460299249553218,1.3785040738818797,0.13548624228608008,0.19378828187647068,70.40791279018083
lh_caudalanteriorcingulate_MD,0.6948304466823768,4.403324256562775e-71,8.08185537392883e-69,1.9837629314025127,1.039121544358697,1.3803542696773536,0.13687829325624978,0.20109991882638173,70.35621933233499
rh_fusiform_MK,0.6923841024611386,1.6609699643102068e-70,1.3402776454231783e-71,2.0626965873872423,1.0477253991700717,1.3785953811440563,0.13217019208324246,0.18436795768424627,69.77963822092144
lh_bankssts_MD,0.6917659118047997,2.327605581898627e-70,6.727129067229578e-62,1.7987444188301427,0.9994447602345572,1.3916354973131762,0.13967228290070188,0.2749016224495086,69.63309060998316
rh_precentral_MK,0.6887542137354566,1.1156101987772775e-69,3.3929971243098634e-67,1.9477345958779155,1.073168174042195,1.359159713552597,0.11383578237154754,0.17366986450838814,68.95248752411875
rh_supramarginal_MD,0.6881360230791178,1.5717838493276798e-69,3.486919676222026e-67,1.92561141619907,0.9792702076427086,1.4037544712841266,0.1485841227710877,0.27406474177350976,68.80360717807946
lh_middletemporal_MD,0.6853145375194175,7.04548450483164e-69,3.761410465381102e-58,1.6916935688601025,0.9631297331886576,1.403725887537234,0.1466856664385443,0.33785851006747875,68.15208913590598
lh_precentral_MK,0.6756084158468155,1.1164432537318108e-66,4.868968671982742e-67,1.9180491526715735,1.0919978086026843,1.363193609829724,0.1073328081067901,0.16870912073562508,65.9521633462311
rh_precentral_MD,0.6753917849330557,1.1505969032356885e-66,2.8200993465594564e-65,1.8711434274695324,1.0746145925210109,1.3588169997758588,0.11864701794173985,0.17905926795559565,65.93907679918716
rh_middletemporal_MD,0.6740497300039099,2.447181799112579e-66,4.2631722335171356e-60,1.7639084998275085,0.95002316313355,1.4094975553075442,0.17179460212064057,0.32587278516042956,65.61133376607175
lh_precentral_MD,0.6618972641100697,1.1377234630386607e-63,5.423312670661291e-65,1.8538333094874393,1.0939194795631089,1.3637781266517788,0.11085509526580423,0.17346810315891253,62.94396328545486
rh_lingual_MK,0.6537498282803732,6.002472312982642e-62,7.2171015798629935e-59,1.6985622040659831,1.084441299402482,1.3583868768735932,0.1150592280876381,0.19693757214233723,61.22166983449402
rh_middletemporal_MK,0.6533482685377942,7.542331156494797e-62,5.949647694469458e-60,1.7492556164499,0.9734918798570702,1.4070178186745075,0.16128281910088704,0.3111780167362924,61.12249440321109
lh_entorhinal_MK,0.6501463579588084,3.327740389844607e-61,8.839974264598365e-64,1.84132517163843,0.9991057851808078,1.4116351543265857,0.21572034468093343,0.23206040134420147,60.477850562085564
lh_parsorbitalis_MD,0.6497447982162293,4.3707280229219785e-61,1.4377818213784537e-59,1.7394079767079655,1.065199649575083,1.3768626358104308,0.15070354256000565,0.2037098015286308,60.35944621749094
rh_caudalanteriorcingulate_MD,0.6479430630554469,1.0233519244235264e-60,1.9270360719894646e-61,1.7626685084408442,1.0588944141452095,1.3827712276009378,0.14837036612228127,0.21332772888988014,59.98997498940416
lh_parsorbitalis_MK,0.6455759740465598,2.991700402555411e-60,5.277580805351811e-62,1.7906954773229016,1.0713901239657255,1.377565290863855,0.1419708055080584,0.19573807943449906,59.524081900122994
lh_entorhinal_MD,0.6435047711637836,8.175942083369351e-60,1.7113071387894565e-63,1.8223501351922156,0.998439656208667,1.40903771027917,0.21240454824787935,0.23751978646322108,59.08746219364799
rh_caudalanteriorcingulate_MK,0.6424850207648657,1.3485056063035884e-59,2.612042549336321e-65,1.8720146428697813,1.0452322772226115,1.3830535878037369,0.1487241214269743,0.2073928964050467,58.87014724366296
rh_entorhinal_MD,0.634876520379157,4.793403476681387e-58,4.406324906897726e-60,1.7520822278360775,0.9437645541554506,1.4024523163607137,0.26327426003455606,0.2603089357571717,57.31935601346151
rh_lingual_MD,0.6290433367501136,7.399786347046792e-57,1.8405414975631567e-55,1.6035540741496725,1.087964930226627,1.3594032363338149,0.12237902053012654,0.20574262813851085,56.13078081940931
lh_inferiortemporal_MK,0.6196859380118566,4.837019891950681e-55,3.4348456376597633e-54,1.603317151376941,1.070329138685965,1.376670506842814,0.12935032113040648,0.2372379981587363,54.31542212659818
rh_entorhinal_MK,0.6166478215383965,1.877263303654096e-54,8.994440567144109e-61,1.7770245652999697,0.954041777074553,1.4001036554973483,0.24824752871933758,0.25375458081125996,53.72647480926238
lh_superiorfrontal_MK,0.6158447020532384,2.773649281409783e-54,3.0899725134717624e-53,1.5711478749414358,1.1568456111574505,1.3463748386874188,0.09189879496540082,0.1437300069647224,53.55694845486255
lh_rostralanteriorcingulate_MK,0.6154114402257188,3.284394077765535e-54,3.8206490886593958e-59,1.715086228393695,1.0860665559754203,1.361420952572015,0.14192936397670497,0.1772220376737696,53.4835447396369
rh_bankssts_MK,0.6119981824137968,1.5665607618546882e-53,4.1257134899396833e-53,1.5933262441176785,1.047685151166516,1.3604282390982188,0.14495536189248107,0.23673210583049406,52.80505275556911
rh_parsorbitalis_MK,0.6030159250140018,7.472599170305498e-52,5.2412548874015734e-58,1.6815338782486866,1.0855018893624901,1.371433031448305,0.15312563907389212,0.1854211542541105,51.12652831264457
rh_bankssts_MD,0.5982606122729338,6.004730172847198e-51,6.307374865047548e-52,1.5612418684498335,1.0381579496658007,1.3622911094086123,0.15748156644112468,0.24780106407555735,50.22150650317804
lh_inferiortemporal_MD,0.5965117139203855,1.2260655474256689e-50,1.2592698969912725e-50,1.5114777345153496,1.0734505048240806,1.3770085356658226,0.13594956291780577,0.24937386271614945,49.91148631111914
lh_superiorfrontal_MD,0.5952489142035908,2.1561346966210953e-50,3.359471159120604e-51,1.5264877098503606,1.1565266301292487,1.3469063893377633,0.09546509441818685,0.14830824182863042,49.6663241116801
lh_rostralanteriorcingulate_MD,0.5879891367522271,4.385081103037926e-49,7.276216861085488e-56,1.6305577127729243,1.0866448540586466,1.3606174434065998,0.1512967726195312,0.18323022925087296,48.35802236985185
rh_parsorbitalis_MD,0.5852204880007609,1.410491974080815e-48,3.478994954308882e-55,1.6108741342022121,1.0910439820510351,1.3678371294822422,0.14938545825022692,0.19166024928512304,47.85062938070488
rh_rostralanteriorcingulate_MK,0.5701355792499286,6.1575609674875036e-46,4.718240984001776e-49,1.4786146871943318,1.136778213101287,1.3453056701224653,0.13137691489728476,0.15006141464847364,45.21059127941378
rh_superiorfrontal_MD,0.5696811826991155,7.678667489556355e-46,1.70947103150465e-50,1.5097381936744974,1.1429190383827141,1.347552493267996,0.10709130515283807,0.15898083801937665,45.11471413832032
lh_temporalpole_MK,0.562151937525758,1.4226723426812055e-44,8.711038669211867e-50,1.476292916861812,1.0196632811287474,1.3792703505372437,0.2084632521052695,0.274250228911496,43.84689511126558
rh_superiorfrontal_MK,0.5617239593790618,1.7631037109356705e-44,2.174111196032482e-50,1.5204139817914137,1.1460281114784225,1.3449706777120625,0.10337070045705879,0.15348193012133313,43.75372214047304
rh_parahippocampal_MK,0.5584163751836079,6.360002095208933e-44,1.6547113355772325e-51,1.5315353183860565,1.0745467397631392,1.3729225992529754,0.19327015308347892,0.1963603984257752,43.19654274127965
rh_isthmuscingulate_MK,0.5545962739482834,2.65482828144201e-43,8.815912601143775e-51,1.5250269889740733,1.1187107642575607,1.341221527872232,0.1368267052337647,0.15445271661694154,42.57596356453882
rh_isthmuscingulate_MD,0.5518276251968172,7.605129177465288e-43,2.2507170180712217e-48,1.459225132543161,1.119332441470125,1.339612222895404,0.1383594484688832,0.16258075381434262,42.11889340480837
rh_parahippocampal_MD,0.5384651963944163,1.1428352385021408e-40,6.992555222279848e-47,1.4230385680067599,1.0827955371619502,1.3735952818240798,0.20180095885631555,0.20687015147220852,39.942016376925025
rh_inferiortemporal_MK,0.53126353943211,1.6422418917875197e-39,1.941297135688278e-48,1.4715297679694501,1.0770604048907768,1.3705704961323706,0.15940176039169984,0.23272084499550266,38.784562873689545
lh_temporalpole_MD,0.5306400650949478,2.048324764743337e-39,1.5685678003925332e-47,1.4301003504257996,1.015596200859075,1.380700676967381,0.22496759207087916,0.2823927409676697,38.68860118424209
rh_rostralanteriorcingulate_MD,0.5277393243228963,5.663284927424813e-39,6.046079629264811e-47,1.4267060196044568,1.139938820247067,1.345579627479483,0.13295935032887443,0.15450770875077458,38.24693158788866
rh_inferiortemporal_MD,0.5191903287506209,1.1935509895175207e-37,2.0187764725394523e-46,1.423824333063061,1.0766890940893998,1.3706833873120967,0.16724945736444818,0.23936868236843414,36.923159022829765
rh_temporalpole_MK,0.49819298115839417,1.573696639557677e-34,3.0029564084001687e-46,1.4201442886616178,1.037716435673908,1.3917058713621075,0.22889391640948697,0.2680889186327925,33.803078982563854
rh_pericalcarine_MK,0.4975483720979383,1.980446498475158e-34,2.712780333006748e-38,1.245755154570872,1.164803774149764,1.334738890719152,0.1121873845408593,0.15693977268896625,33.703236885514606
lh_parahippocampal_MK,0.4909332037070305,1.7110713545948197e-33,9.611762457194436e-40,1.2761943444519865,1.118043999307606,1.3685582317533849,0.18226115866658552,0.2093957452838275,32.7667318792604
lh_pericalcarine_MK,0.4857974659466771,9.117582158659228e-33,1.2572806471524073e-37,1.2276137563651943,1.1689197447430837,1.3311498424973103,0.1096196204210911,0.151364422872536,32.040120314562955
rh_temporalpole_MD,0.48510002007798714,1.1534641210355007e-32,4.368109633823008e-43,1.3503056396472437,1.0417676312708783,1.3938060658909086,0.23960059850429502,0.2802341083471385,31.93799590983698
lh_parahippocampal_MD,0.47553127410679374,2.461051957463642e-31,7.77282186631688e-36,1.1785930283312391,1.128869509020524,1.3685097520245169,0.187720955942737,0.2178184951704316,30.60887921742212
rh_pericalcarine_MD,0.46810770254990436,2.4292125205386406e-30,1.5609870137795902e-37,1.2189475620522197,1.1590302813349396,1.3338638006483896,0.11806364071418175,0.16494012727132573,29.61453448912249
lh_isthmuscingulate_MK,0.43616785197239805,3.109789823541084e-26,5.833161353581305e-34,1.1470816605299161,1.1704482051311478,1.3409156507337805,0.14205181093931699,0.15489015677658446,25.507268961957347
lh_pericalcarine_MD,0.4343396984074986,5.215427400184559e-26,2.4255302448478603e-34,1.1521627300898674,1.1713937673596122,1.3316019066034048,0.11559215041674122,0.15908556533959584,25.28271009568694
lh_isthmuscingulate_MD,0.4136118185372658,1.537344992056716e-23,6.241763292038343e-32,1.1052566164300495,1.1727901732493697,1.3416808259066801,0.14416482510300843,0.16098539837173848,22.8132286625367
rh_lateralorbitofrontal_MK,0.39987424839640284,5.602924064062442e-22,4.041009898779519e-27,0.9837658234811383,1.200743568988028,1.325754637473532,0.1252696493665347,0.12885310701156732,21.251585263447502
lh_lateralorbitofrontal_MD,0.39979499318405176,5.789140578699164e-22,5.2034161368993335e-27,0.9953885852949256,1.1926678424186872,1.3256927135666556,0.13051178618011308,0.1366988859480887,21.23738590425734
rh_lateralorbitofrontal_MD,0.39963119907852607,5.934967516360174e-22,6.420035417282595e-25,0.9281635396002146,1.2002000787528175,1.3252991473530351,0.1335900166377341,0.13596210342208032,21.22658165371093
lh_lateralorbitofrontal_MK,0.3908391541883738,5.502461460416067e-21,6.644647286904243e-27,1.001986580024125,1.1946832700177454,1.323076193223494,0.12408802200296958,0.13206454680369287,20.259442990589655
rh_lateraloccipital_PF,0.3564740941129228,1.9240486889383182e-17,3.7657026110535467e-23,0.9895804262594476,0.36060710212184144,0.40244478293080427,0.04709328157205563,0.036839048577079536,16.715783942137243
rh_inferiorparietal_FW,0.35590874026481806,2.1926008813477887e-17,3.7688645418877736e-15,0.8021880134345543,0.38498595211417946,0.42448967524192965,0.053041022767370605,0.04513073973623806,16.659040415656445
rh_precentral_PF,0.35104247022645857,6.489951429385266e-17,2.3136884404222702e-21,0.949902846159089,0.36590653068110807,0.4060980484901944,0.047921022964610586,0.035833626676307656,16.18775855343521
rh_inferiorparietal_PF,0.34951020278767,9.097829397960017e-17,2.116242309448425e-22,0.9621371687102929,0.36552837877903654,0.4037142261584536,0.04412722965663235,0.03468649040591022,16.041062211298023
rh_fusiform_PF,0.3492143166615591,9.713657192795483e-17,2.0219605778996154e-23,1.00454832422225,0.3653175202428004,0.40699908421853637,0.04683969121324715,0.03534621689930316,16.01261722739215
rh_middletemporal_PF,0.3483002398791094,1.1873368505599437e-16,1.9416264750349317e-23,1.0020096424477938,0.36774771545206236,0.407477134306914,0.04490586433679502,0.03358074814612076,15.925426053087795
rh_fusiform_FW,0.3483002398791094,1.1873368505599437e-16,5.141759702619792e-17,0.8408976959478401,0.3852056277502689,0.4280645319194735,0.055629970027326,0.045834352331272775,15.925426053087795
rh_parsorbitalis_PF,0.3467679724403208,1.6595431982707952e-16,2.7019516045245875e-19,0.8924506616056517,0.3619046341023581,0.399828231244424,0.04830611185807648,0.03574858451725235,15.780011438328316
rh_superiortemporal_PF,0.3458538956578711,2.0253542590010565e-16,1.1591195153324301e-17,0.8567826997506292,0.3628601715110006,0.3995417620408912,0.04716534374242534,0.03796533721925004,15.693499002437862
rh_middletemporal_FW,0.3455580095317602,2.1608888524831434e-16,8.350614008355486e-17,0.8270897423837322,0.3889555260110079,0.4298926212603342,0.054068648778937786,0.04445402474001132,15.665367570920855
rh_supramarginal_PF,0.34553159112764315,2.1698519884109253e-16,8.610406301264247e-21,0.9197892381078107,0.36484883346459857,0.401431190105397,0.04395066007264058,0.035100566467587815,15.663569889565629
rh_supramarginal_FW,0.34461751434519344,2.646064793419342e-16,1.746108634406469e-14,0.7614758739683664,0.3854991594989496,0.42336779879191994,0.0532085521968436,0.04599034442957951,15.577399525575592
rh_insula_PF,0.34434804662319957,2.810502782003519e-16,5.571832212709559e-18,0.8751289055760555,0.36579237113609675,0.40276038632534383,0.0476556521821062,0.03602596648172039,15.551215980480213
rh_inferiortemporal_PF,0.3433811330325158,3.452315493612579e-16,2.7848900138093376e-22,0.9813884457965568,0.3658235888136211,0.40529148359581785,0.04581201300720607,0.03370422198945616,15.46188952266885
rh_superiortemporal_FW,0.342789360780294,3.9281480800263972e-16,9.586944776655124e-13,0.7243193733603379,0.38353344998113525,0.4212014708578845,0.05578769769125876,0.04792403427763009,15.405812148907957
rh_parstriangularis_PF,0.34157939787173336,5.098945865068446e-16,1.4897062497742678e-14,0.7793047361297957,0.3641392284356394,0.3964505296891985,0.04583013624864194,0.036575185398301034,15.292519598863445
rh_parstriangularis_FW,0.3412835117456225,5.436134924578166e-16,3.911808848290606e-10,0.6437961523588561,0.3839443593302829,0.4171429904350005,0.055489464852304424,0.04732048858089246,15.264709772639952
rh_inferiortemporal_FW,0.34098762561951157,5.794653554828572e-16,5.003220753132524e-15,0.8229709874442597,0.3866126599765028,0.42699325193506127,0.05411467777186838,0.04343630626286728,15.236972524104855
rh_lateralorbitofrontal_PF,0.33977766271095095,7.50817170757047e-16,1.4300288048489316e-16,0.8420152170097968,0.362769188829335,0.399216550799191,0.04884306062865946,0.036901065914437044,15.124465803871995
rh_isthmuscingulate_PF,0.3382453952721624,1.0400481326990335e-15,5.605601142788046e-15,0.7568903635479062,0.3574740318700925,0.39390642483951405,0.05300831171014394,0.042707632467375904,14.982946561391723
rh_lateraloccipital_FW,0.3376272046158236,1.1852449410596877e-15,8.971408536940556e-17,0.8392106453377762,0.38002387273960214,0.4231450240798879,0.055548032944956464,0.04684911043699521,14.926191889689285
lh_middletemporal_PF,0.33545032811657916,1.8708698547383455e-15,1.7127349729551379e-15,0.7455839122773958,0.3605336099562065,0.3949297475307834,0.04976868653891671,0.04218546750046773,14.727956422727068
lh_bankssts_PF,0.33270809776922994,3.3233094794086573e-15,3.4825684556137653e-16,0.7532544864409757,0.3502616892400599,0.38617171179976445,0.050131970851747094,0.045080440291511564,14.478429213659272
rh_insula_FW,0.33216916232524224,3.734179872423681e-15,7.844312274491896e-12,0.7293851876345048,0.3861892538127105,0.42392800510424156,0.05669134658486825,0.04626282577856387,14.427804766269213
rh_precentral_FW,0.33120224873455845,4.552044865303596e-15,2.740481650888204e-15,0.8019185033743585,0.38633983876736055,0.4274576920721292,0.05637198478596632,0.045610504370234964,14.341793466152142
lh_superiortemporal_PF,0.3305840580782196,5.1711418589772745e-15,5.758316043286033e-19,0.8360065488247893,0.3569231988773901,0.3975465479027464,0.0524129257809672,0.04444409702929138,14.28641354814439
rh_precuneus_PF,0.32880874132155424,7.485571562154025e-15,8.728889247031528e-18,0.8176119975476016,0.36400209048569987,0.4007284530440988,0.049263357351943156,0.04010692665091383,14.125775033422114
lh_superiortemporal_FW,0.3284600183872093,8.021372918557935e-15,9.211698793425013e-15,0.745402175843336,0.37729810651171514,0.41868848370183764,0.05883901729553189,0.052005709304072716,14.095751292573134
lh_inferiortemporal_PF,0.32773615411440227,9.287999188939444e-15,4.318181307665161e-18,0.7863014896893377,0.3540408612102521,0.3935233692034222,0.05276666538675487,0.047522177137603774,14.032077831193593
rh_superiorfrontal_PF,0.3275723600088766,9.642071719719344e-15,4.93425666029038e-13,0.7472429111386018,0.3630453195465557,0.3964035005284754,0.049919530485144754,0.03864971093040975,14.015829642469013
rh_parsorbitalis_FW,0.32636239710031595,1.2356722017722455e-14,5.815635077868209e-13,0.7440117564971527,0.38307803550625225,0.42177624853728973,0.05740816377089478,0.04598899180741338,13.908096723294555
lh_inferiorparietal_PF,0.32604009257008804,1.3183593431560943e-14,7.260795931403796e-17,0.7962903887626217,0.3649112454927723,0.39856416357497276,0.04541076367992241,0.03885917801681947,13.879966198634838
lh_parsopercularis_PF,0.3251524341917553,1.5818652891718972e-14,4.651299909080806e-15,0.7772037135320934,0.36496680115157265,0.39962046114235006,0.04930277861150288,0.03931089991399243,13.800830503556622
rh_lingual_PF,0.3248301296615274,1.6875035270224272e-14,9.545859680266044e-18,0.832836934700152,0.35737410556187504,0.3941267368517784,0.04832048352981906,0.03949615950611052,13.772755310784477
lh_bankssts_FW,0.3247772928532933,1.7000389705892822e-14,3.4532866420189386e-13,0.6833593702430565,0.3718128536434663,0.4083870143624755,0.05553555491587877,0.05142784552502734,13.769541123022965
rh_rostralmiddlefrontal_PF,0.3245342435354165,1.792854002928696e-14,6.761986188565287e-11,0.6911134550447223,0.3661083156110527,0.3962743566699915,0.0486818265172093,0.03795334848167834,13.746455074801466
lh_supramarginal_PF,0.32418552060107153,1.919048629467248e-14,1.5821927333030144e-16,0.8046106990501104,0.36080266574649267,0.39623208194344495,0.04751863396631303,0.04024659158473053,13.716914019927534
lh_precentral_PF,0.3238632160708436,2.0464436499056884e-14,1.4715935435337576e-14,0.7685228029696484,0.3649898440460111,0.39885874593591447,0.04813141328982416,0.039594447117499466,13.689000209421812
lh_MeanThickness_PF,0.32359374834884974,2.1659154415159038e-14,1.7794986226350103e-13,0.7166584686332693,0.36259118937289914,0.39482718637816344,0.04874407743646009,0.04087286661304131,13.664358502465952
lh_inferiorparietal_FW,0.32300197609662795,2.4437699940533035e-14,6.242122599717394e-12,0.6784162408482118,0.38562346891622334,0.4204578947711887,0.05390851190967117,0.048650146126558554,13.611939672003178
lh_fusiform_PF,0.3227060899705171,2.5953712319490105e-14,1.6263986224250058e-19,0.8653490214159147,0.35289155894150503,0.3949525345997599,0.05263874704725454,0.044206431567224966,13.58580051355503
rh_isthmuscingulate_FW,0.3217655947839503,3.1318470521601523e-14,2.659372665127087e-10,0.6563517256919285,0.37771042139691846,0.41459717344461144,0.06062110796038284,0.051399296243980444,13.504199455434273
lh_middletemporal_FW,0.3195622998805888,4.855600359124014e-14,2.3616378783530303e-11,0.6464003409258048,0.38016795566308076,0.4154953779772783,0.05782727894649673,0.051281640808426114,13.313757065130803
lh_parsopercularis_FW,0.31843159218437933,6.106504988518972e-14,7.801619747628805e-11,0.6615679591322553,0.38560111733754676,0.42095128283592664,0.05777856087621675,0.04870322632820389,13.21420728378143
lh_insula_PF,0.31843159218437933,6.106504988518972e-14,6.540876910259391e-18,0.8192310305998736,0.3609309669448075,0.39951359618075966,0.05158536905364622,0.042131280398543774,13.21420728378143
rh_precuneus_FW,0.3181357060582684,6.479303140100805e-14,5.218088342445534e-13,0.703732934065925,0.3836380868609402,0.42124319390582105,0.057304578165465685,0.04926590429829641,13.188471700716311
lh_superiorparietal_PF,0.3177605647198064,6.954485990911272e-14,1.7049879399712334e-12,0.6584853025702225,0.35833161023815685,0.38992070961337616,0.050744224457501375,0.04503021098739263,13.157734963380094
rh_superiorfrontal_FW,0.3175439338060466,7.291932879527973e-14,4.276836995188006e-09,0.6315596104765383,0.3830451511965996,0.4168567774988862,0.05852399894107374,0.04803437374307312,13.137157337573944
lh_parsorbitalis_PF,0.31746467859369554,7.377378493004821e-14,9.447660261947375e-13,0.6853610412320186,0.35526412551748526,0.38885500854816346,0.05347569307204135,0.044098676767968394,13.132097934691721
lh_precuneus_PF,0.31719521087170166,7.796490798102573e-14,3.2944492939765706e-16,0.7849490428139105,0.3626090660452849,0.3978725995637885,0.048637248534716036,0.04087615582650954,13.108100829354507
rh_rostralanteriorcingulate_PF,0.31539347571091925,1.1142431384901079e-13,2.6861883403198636e-14,0.753623144763228,0.36034325747541746,0.39689675830346344,0.0533238209541568,0.04314841070557101,12.953020031619223
rh_caudalmiddlefrontal_PF,0.31480170345869746,1.2526154153408451e-13,2.7872506320706993e-12,0.6825048607368394,0.3633422253480505,0.39472954149353406,0.05043099750045661,0.04106802831691817,12.902182247946646
lh_superiorfrontal_PF,0.31474886665046337,1.2623741000502824e-13,5.177617481844672e-09,0.5451684136595766,0.35742581335867624,0.3864200530096447,0.057362027358768615,0.04864847991527026,12.898811924401315
lh_MeanThickness_FW,0.31447939892846954,1.3334419787462777e-13,7.294544748044986e-10,0.6164524775264185,0.3813963766019207,0.41439384159727466,0.056842226653535326,0.04999453688238633,12.87502587675591
lh_rostralmiddlefrontal_PF,0.31407783918589044,1.4372271895637389e-13,5.725724408365621e-10,0.5850208723360942,0.3497143106573396,0.381266932978566,0.05841018320676506,0.04905142727382581,12.842474575376515
lh_supramarginal_FW,0.3135653221460198,1.5948643078525896e-13,2.841003111078166e-12,0.6939038181921943,0.37975275400426817,0.41611660332615047,0.05528982122232962,0.04935128429730557,12.797276261106928
lh_fusiform_FW,0.31348606693366865,1.614039438501049e-13,9.744917745661802e-15,0.7567838133446478,0.37389443690771373,0.4170375401362843,0.06039697088997541,0.05340544920231875,12.792085857647331
lh_parstriangularis_PF,0.3129207130855639,1.8055604481591037e-13,3.198280217729617e-17,0.796350944360396,0.35795640802676926,0.39547117081272004,0.05116170889406817,0.042671641444753466,12.743387967296703
rh_transversetemporal_PF,0.31230252242922507,2.0359168161272244e-13,3.7836006210267694e-19,0.8233532827231806,0.3586722942950993,0.3996668815048222,0.05359348079321625,0.04567039777997235,12.691239970458534
rh_lateralorbitofrontal_FW,0.31203305470723125,2.1494192018206985e-13,1.9508587422025443e-11,0.7001193338480015,0.3827928520260186,0.41992923488158324,0.05818934937269449,0.04734031139903139,12.667678875675117
rh_rostralmiddlefrontal_FW,0.3108230917986706,2.7196141557579926e-13,7.291073402492674e-08,0.569528009223878,0.3868943931799319,0.41758567365774985,0.05868734016103059,0.048619330439954374,12.565492706962706
lh_precentral_FW,0.3108230917986706,2.7196141557579926e-13,1.9922840740643652e-10,0.6527396255840782,0.3841485896103533,0.41888533549636403,0.05683045270524358,0.04933929076746926,12.565492706962706
rh_bankssts_PF,0.3102049011423318,3.063894276024703e-13,2.562836577970718e-19,0.8369125319330024,0.35479071042625565,0.3940982288913322,0.050404916853700965,0.04325734747736767,12.513726224721959
rh_transversetemporal_FW,0.30926440595576504,3.6688784631800744e-13,8.49809681611745e-14,0.7278411645054325,0.37867956912322437,0.4205002260079684,0.06061648834246221,0.05411652531459386,12.435466674628485
rh_entorhinal_PF,0.3080544430472044,4.631832021535505e-13,2.1330939281869773e-16,0.7784535411184321,0.3595563893957718,0.39720155636254695,0.05300435149828917,0.04321698311782175,12.334247199160378
rh_lingual_FW,0.30778497532521054,4.885411444431966e-13,2.3137552359052645e-13,0.71220986852785,0.3774536806834814,0.41518814931163217,0.05663848421900507,0.0490542145260649,12.311098854561024
lh_insula_FW,0.30746267079498263,5.192499634686945e-13,2.1427032891070222e-13,0.716232720408241,0.38109707288375827,0.4203835321794137,0.05884116234346927,0.05054797638248552,12.284623525347211
lh_lateralorbitofrontal_PF,0.3065221756084158,6.207533307519857e-13,5.287546392671955e-10,0.5980869587596163,0.35581746569029765,0.3858651098179595,0.054175119905026194,0.045968351828743585,12.20708094149015
rh_paracentral_PF,0.30627912629053905,6.518879497951046e-13,2.0781584174088105e-16,0.775605523541109,0.3594706158705779,0.39612276533858937,0.050849544474393035,0.043366066949967516,12.185827046856517
lh_precuneus_FW,0.306252707886422,6.545462850607399e-13,3.378695893098055e-12,0.6779011279838897,0.38260624194566245,0.4187642147424765,0.05647800805042624,0.05000145036069452,12.184059637675881
lh_entorhinal_PF,0.305528843613615,7.494256526210506e-13,9.508755346010914e-15,0.7087458014393734,0.35478267630471205,0.39076274251878035,0.05427304373804995,0.04699760583151672,12.125271445214608
lh_inferiortemporal_FW,0.3054760068053809,7.587582316352732e-13,2.0200932505874172e-14,0.709166835888795,0.3749595519601804,0.4152576366285553,0.058766039109326686,0.054814332815940954,12.119896584306295
rh_bankssts_FW,0.3053122126998552,7.819175538262734e-13,1.362535224094161e-14,0.7311965866158177,0.3761592373822775,0.4165521595278129,0.058027806179027835,0.05230850106072059,12.106839036973327
rh_parahippocampal_PF,0.3046676036393994,8.825816791714699e-13,8.188240844577227e-14,0.6520774172081955,0.3508145240267487,0.38745932435896474,0.0586800072042361,0.0535991076738755,12.05424509197756
lh_paracentral_PF,0.3040758313871776,9.878069945179252e-13,9.492034252820488e-15,0.7099051527906781,0.3560165188288712,0.38997479179313427,0.0505053378211538,0.04500638304917191,12.005327902987405
rh_frontalpole_PF,0.30404941298306054,9.92068675037923e-13,6.027188141570769e-11,0.5742766338167936,0.3486070997560302,0.3815456246164823,0.06099617556707966,0.05346974455176452,12.00345826317074
lh_parsorbitalis_FW,0.3037535268569496,1.0493478563928065e-12,1.2637962631490222e-09,0.6032411185618656,0.3768577508355048,0.41074868100931355,0.060237723631816564,0.05180845406750679,11.979080520320174
rh_temporalpole_PF,0.3034840591349558,1.1054863952669387e-12,6.0605910474705e-15,0.7323618051574081,0.36093068619046365,0.39551289169158493,0.050856957347957116,0.04327871989265459,11.956446597722854
rh_postcentral_PF,0.3031881730088449,1.1694118536222173e-12,6.501455445728428e-13,0.6690115935821278,0.3529267399281334,0.38572149981058074,0.0516492086013636,0.046240943143319016,11.932032508295359
rh_caudalmiddlefrontal_FW,0.3031881730088449,1.1694118536222173e-12,1.737350578020764e-08,0.5879602096103296,0.383944284437731,0.4158267616544185,0.058377082826421414,0.049728673605297986,11.932032508295359
lh_superiorparietal_FW,0.30316175460472783,1.1740064791389694e-12,7.335135598378848e-10,0.5901726719388519,0.38087705465597216,0.41307930119262304,0.05693137802308334,0.0520893691323041,11.930329506285561
rh_parsopercularis_PF,0.3022740962263952,1.3890507284657432e-12,4.75528101764514e-12,0.6609188747090279,0.36275582639321413,0.3945528697959777,0.05188041067957799,0.04401858702106272,11.857281893434125
lh_lingual_PF,0.30071541038348953,1.8581819812055497e-12,2.737743393451251e-13,0.6660131770172557,0.3509407017260122,0.38749661351179016,0.05852695788035067,0.05098929240067722,11.730911755593626
lh_postcentral_PF,0.3006889919793725,1.866646077866831e-12,3.959057117200813e-12,0.6364659488750666,0.3492825415767355,0.381343039754187,0.05246744050696996,0.04818695146758276,11.728938017883893
rh_rostralanteriorcingulate_FW,0.3001500565353848,2.0684143819870215e-12,1.1809108134278938e-10,0.6477737528299923,0.3804036779831762,0.41757819081771425,0.0617516070103645,0.052664313201019886,11.684362451176565
rh_superiorparietal_PF,0.2979731800361404,3.0953015179475825e-12,4.308392362784214e-15,0.7334323414288401,0.35992307437148924,0.3930377627932624,0.04818873162327274,0.04189206220412121,11.509297039308573
lh_lateralorbitofrontal_FW,0.2976772939100295,3.270245589015874e-12,5.353642515016273e-08,0.5310694862974322,0.3774861279212469,0.407868879071065,0.0608427710618748,0.05333141626666006,11.485419631453045
lh_superiorfrontal_FW,0.29735498937980154,3.469700253113203e-12,5.410287504797708e-07,0.4973431846179631,0.37982796004853064,0.408812617165623,0.062235829305983044,0.05403315890491039,11.459708042224051
rh_parsopercularis_FW,0.2964673310014689,4.089533686110635e-12,2.350566097475684e-09,0.5830452584509221,0.38339540461264593,0.41562953440078476,0.05866928824800927,0.05168129590037589,11.38832621010872
lh_parstriangularis_FW,0.29617144487535796,4.319649816499499e-12,7.043892027627956e-13,0.692456131780064,0.37855124687114433,0.41698551041849885,0.05906278183686763,0.051701383303660246,11.364551458955052
lh_lateraloccipital_PF,0.29611860806712387,4.357468774563105e-12,5.705960167770945e-15,0.6756220720015597,0.35523893289261343,0.38970652601091255,0.052483170365197646,0.04950554217016974,11.360765716342703
lh_transversetemporal_PF,0.29431687290634145,6.064723285261128e-12,1.3961602162831262e-12,0.6297862243502188,0.34923361986607354,0.38277897978499575,0.05565958447499407,0.05075689432660387,11.217189009871726
rh_paracentral_FW,0.2934820513362429,7.079453020588504e-12,7.793867032429867e-12,0.6775661743847301,0.37944669214317867,0.41702619944531094,0.05851986230781312,0.05222644303761083,11.15000029588605
lh_paracentral_FW,0.29281102387166996,7.982931375469895e-12,4.363492270478076e-11,0.629753557684894,0.375004832274563,0.4098871878694685,0.0575520653295113,0.05314105424219717,11.097837604085187
rh_temporalpole_FW,0.29251513774555904,8.425773780657065e-12,8.592132093653465e-11,0.6394812660748086,0.3805036927224599,0.4157905218137025,0.058336810163825754,0.05183211982386074,11.074390205205754
rh_medialorbitofrontal_PF,0.29251513774555904,8.425773780657065e-12,2.7772814886642224e-10,0.5719972618520655,0.34761607709310355,0.3803728858602399,0.0608352966637648,0.05346196779859107,11.074390205205754
lh_rostralanteriorcingulate_PF,0.29189694708922026,9.422872369431097e-12,9.719701774919775e-10,0.5619105976886049,0.35079880882285713,0.3824366378417094,0.060198835144281905,0.05211896950007691,11.025816691257635
rh_entorhinal_FW,0.2903910980545487,1.2374200521098117e-11,1.2247000986398835e-12,0.686160534979466,0.37999716518037774,0.4181513907962026,0.059826807916568935,0.051035990474614365,10.907482850615937
lh_rostralmiddlefrontal_FW,0.2900159567160867,1.3227216438311219e-11,2.642968735524822e-08,0.5309644468878832,0.37204980261798687,0.40365339660719207,0.0637266526417503,0.054994901091956615,10.878531539990329
lh_lingual_FW,0.28883241221164313,1.6358897934600906e-11,6.372386683742489e-11,0.6149488498092871,0.37255552398244074,0.40930761427239826,0.06303322810140027,0.056306262579683214,10.786245957207667
lh_caudalanteriorcingulate_PF,0.28759603089896546,2.040170718369021e-11,1.9330028368139995e-11,0.5980227822348825,0.3505687747180361,0.3859555280120754,0.0630583624648086,0.055013738893211296,10.690333489954742
rh_posteriorcingulate_PF,0.28609018186429397,2.6667721296200724e-11,1.602818335416083e-10,0.5614200571487931,0.34551641289751356,0.37733302388218826,0.059187262284537454,0.054039095566427935,10.574014092325331
lh_frontalpole_PF,0.2848538005516163,3.3185063560361974e-11,2.8568361503277603e-08,0.511571954397973,0.35528695812722005,0.38399442804698913,0.05974428440405691,0.05223671552181012,10.479057346203707
lh_parahippocampal_PF,0.28477454533926516,3.371304630344843e-11,1.6509949328940136e-12,0.6170656733474187,0.3526962811813706,0.3873516535446213,0.05974425043529789,0.052334183270576436,10.47220200295208
lh_posteriorcingulate_PF,0.28428844670351155,3.6680349135092505e-11,1.4089941565443597e-13,0.6677386891136069,0.3523586047040888,0.3886919380325224,0.05797892179257354,0.05059531165900458,10.435566539230956
rh_medialorbitofrontal_FW,0.2832369942196532,4.415626741263129e-11,4.815131217363984e-09,0.5333913514069357,0.37039559726392773,0.40302674214848316,0.06438978418926465,0.05778531925369596,10.355007645211147
lh_entorhinal_FW,0.2829992285825998,4.5997542629844476e-11,9.35161639671065e-12,0.6356628752624384,0.3758298770570321,0.41220822788991834,0.06018696366425457,0.054109577145940356,10.337265369422896
lh_isthmuscingulate_PF,0.2823546195221439,5.1539564780614936e-11,7.148689119825969e-13,0.6221508955458277,0.3476782308312335,0.3834385944287494,0.060014364537709336,0.05482568178943921,10.287859253114865
lh_cuneus_PF,0.2818685208863903,5.6082417820051e-11,1.5758547043399627e-11,0.6015777762843797,0.3585465273782338,0.39002583837516014,0.05539094186984159,0.04907407689924658,10.251173271373935
rh_superiorparietal_FW,0.28184210248227326,5.6311174058783587e-11,1.4725131539905856e-11,0.6351357602767977,0.38124849923336496,0.41532241045960683,0.05609777427995544,0.05108136176252583,10.249405417749816
rh_parahippocampal_FW,0.2818156840781562,5.655820738766384e-11,1.8095554120978793e-11,0.6078127861627304,0.3734429211359394,0.4102808237218786,0.06268598518101819,0.05845477876664636,10.247504363956265
rh_caudalanteriorcingulate_PF,0.2815197979520453,5.955525248260798e-11,1.1050947758981112e-10,0.5821838316614191,0.34762406810573276,0.3800367811866813,0.0589757219784461,0.05216448279632977,10.225079929838333
lh_postcentral_FW,0.2815197979520453,5.955525248260798e-11,8.113656557268653e-10,0.5809550497730567,0.3717242147963174,0.4042082441277526,0.05750108632709678,0.05428233318208804,10.225079929838333
lh_lateraloccipital_FW,0.2808751888915894,6.663740955030146e-11,9.949704739605239e-12,0.6187156563947254,0.376679754601689,0.41175513797513025,0.05761997236033456,0.055745806588531135,10.176281893952353
lh_caudalmiddlefrontal_PF,0.2788304044129302,9.501939383541706e-11,5.081187206843477e-09,0.558933361452455,0.3592278385672517,0.3868249820774972,0.05307913911391178,0.04536869709701349,10.022187744436422
rh_frontalpole_FW,0.27786349082224643,1.1214266139120079e-10,3.01280067943746e-09,0.5314473260908469,0.3724733934357949,0.4054809932035262,0.06540848078509431,0.05862386308316987,9.950229141355079
lh_caudalanteriorcingulate_FW,0.27573945113123605,1.6132665478884466e-10,9.880791969057987e-10,0.5636430512630426,0.3729933059791636,0.4082075598999987,0.06605259300791748,0.0586821633955527,9.792293871474344
lh_rostralanteriorcingulate_FW,0.2736154114402257,2.313995095541057e-10,2.2155003103553235e-08,0.5242445665568034,0.3735130977828655,0.40499949157651777,0.06368679894688108,0.05620071473751338,9.635637565860376
lh_posteriorcingulate_FW,0.2736154114402257,2.313995095541057e-10,3.422387138848179e-11,0.6243052472422526,0.3722850949080141,0.4086595082340507,0.06151885224231602,0.05481585576767565,9.635637565860376
lh_temporalpole_PF,0.27210956240555423,2.983385777999607e-10,1.479420347739221e-11,0.6152574429593458,0.35551334687970093,0.38712565354120176,0.0547072456692793,0.04782314035856028,9.525290584913591
rh_postcentral_FW,0.27210956240555423,2.983385777999607e-10,1.0688220529679287e-10,0.5960400379674882,0.3733873928235565,0.4069233892982259,0.05835752258456483,0.054090904052281875,9.525290584913591
lh_frontalpole_FW,0.27205672559732014,3.009380768734628e-10,4.898967684933939e-07,0.4715702333700796,0.37804599100487796,0.40672339840408317,0.06414715985567683,0.05728424006856275,9.521522858687886
rh_cuneus_PF,0.2678350646194165,6.083312464363907e-10,5.07266956441791e-12,0.6131062923167693,0.3566021994186634,0.38885517641765016,0.05496803517219725,0.05013248243523004,9.215859875783686
lh_caudalmiddlefrontal_FW,0.2675655968974226,6.363036611090373e-10,6.979310993353138e-07,0.4920039810269605,0.3804129219864705,0.40831189609828694,0.0601038276130644,0.053088534472755695,9.196335577950514
lh_transversetemporal_FW,0.26651942809438767,7.563531708614365e-10,3.767873500598569e-10,0.5772715747585143,0.371509212051098,0.40534925379646364,0.060491287168568726,0.05668834231369093,9.121275368068739
lh_parahippocampal_FW,0.26565818812017206,8.70512960514873e-10,3.194488232023457e-10,0.5700891306682304,0.3753777246374157,0.4101428093266843,0.06421371034520416,0.0575688218838449,9.060224758563661
rh_pericalcarine_PF,0.26114064101615747,1.813283593782525e-09,1.759831713419909e-07,0.4666967870673185,0.3553565586033084,0.38175346163818885,0.059202364279679724,0.053790385115581055,8.74153426783879
rh_caudalanteriorcingulate_FW,0.26011560693641617,2.137747867415475e-09,2.4186201728817742e-09,0.5414787135650434,0.36960074261054,0.4019819975016843,0.06274837611116527,0.05670173711862747,8.670043518139067
lh_cuneus_FW,0.259634791981486,2.3092455474818412e-09,6.505013222774642e-09,0.5420878489647782,0.37950963339958665,0.4114601905940911,0.06160500383896626,0.056148258564321374,8.636529885079112
rh_rostralmiddlefrontal_FA,0.25797571620293563,3.0135518782479176e-09,9.319163570180124e-10,0.4563335984655387,0.653730266687591,0.6022014323427729,0.11512143888277597,0.11067319071545088,8.52092132775908
lh_isthmuscingulate_FW,0.25646458348744067,3.824862299946852e-09,6.868377046274308e-11,0.5818055473411807,0.36981119364070075,0.40567346111558567,0.06374723454358541,0.059457323491817954,8.417384195399176
lh_medialorbitofrontal_FW,0.2543352601156069,5.340858004952014e-09,8.515761246271321e-07,0.4460649099555092,0.37185488163076863,0.4000999147543383,0.06612746511422962,0.0603830972844137,8.27238896827418
lh_temporalpole_FW,0.2534528854180977,6.133505556683781e-09,7.371578261246303e-09,0.5516916461116097,0.37799859433853056,0.41000388408471805,0.060906100350328424,0.054967847304214904,8.212291236938281
lh_medialorbitofrontal_PF,0.25320983610022085,6.368207235372764e-09,5.138270861389696e-08,0.4792738726444962,0.34767270921621557,0.37605905794149236,0.06234914810263052,0.05593258509873118,8.195982812149406
lh_pericalcarine_PF,0.2531834176961038,6.394798802001269e-09,5.325609649330306e-09,0.5231916337458831,0.3508469703989686,0.3798540045756456,0.058205927611321914,0.05253383655526194,8.194173115071989
rh_posteriorcingulate_FW,0.25194703638342614,7.75057053955573e-09,4.69883882902412e-09,0.5227713429568617,0.3685554139547167,0.40045966985988135,0.0631527843356252,0.058828767450577704,8.110666326776194
rh_cuneus_FW,0.2471864399615348,1.609513393119792e-08,1.5298799411479468e-09,0.5629280044293278,0.3778442649672671,0.4104883567786641,0.05994423338878159,0.05596719193563245,7.79330540510212
rh_pericalcarine_FW,0.24651541249696188,1.7816004207986125e-08,4.964449663529689e-06,0.44059112227023334,0.37731231231007356,0.4035245207999371,0.061902789046544573,0.056981962771710394,7.749189693397406
lh_pericalcarine_FW,0.23253479303822214,1.391794189535391e-07,1.6931989375740227e-07,0.4904984617392805,0.3738133232125545,0.40276131074884497,0.06147861789934629,0.056449158900634344,6.856424980930517
rh_rostralmiddlefrontal_KFA,0.22950196024558547,2.139934082651528e-07,4.117708251848502e-09,0.4411803492996219,0.6516994688774965,0.602648921923474,0.1123697042260733,0.10997795697139309,6.66959960421231
rh_parstriangularis_MK,0.21990151218945167,8.014577205160114e-07,5.17363693122272e-10,0.5463133286660504,1.3465345995819231,1.2661048204583034,0.1428839997151242,0.1514373454558105,6.096119383142533
rh_parstriangularis_MD,0.21377772611512083,1.8052076057400377e-06,1.4499001914664455e-08,0.48910429881222983,1.3417540187325947,1.2667159975798303,0.14971587920883808,0.15703533409933745,5.743472845369058
rh_caudalmiddlefrontal_MD,0.21181219684881275,2.3319314821321106e-06,1.1760158192419596e-08,0.5039967694710555,1.2312787336797413,1.3065507883859502,0.1433146141234529,0.1551513099798058,5.632284214362894
rh_caudalmiddlefrontal_MK,0.2114898923185848,2.4312447491043406e-06,3.867137750142742e-10,0.5683290285792505,1.2273264022389239,1.3074353594860502,0.13447693416928302,0.14714861925039144,5.614171319299357
lh_caudalmiddlefrontal_MD,0.20759053587090912,4.004346475243929e-06,1.781216580329212e-07,0.4314256109434691,1.2459728169423359,1.3045456809784348,0.13115888589132937,0.14022153103533636,5.397468352327441
lh_caudalmiddlefrontal_MK,0.20678741638575096,4.431159287673361e-06,2.5335459493019016e-07,0.42280684696199144,1.248849115505041,1.3036185178708586,0.12531866251960747,0.13362348106056265,5.353482638026572
lh_parstriangularis_MK,0.19737189715843645,1.414893065708545e-05,6.0023785720399945e-06,0.3890673353696742,1.3300227675784204,1.272650233212739,0.14573958857474134,0.14916394950282558,4.849276381855317
lh_parstriangularis_MD,0.19094694127717132,3.026855445725812e-05,1.1938907239438546e-05,0.38400264091950603,1.3323132625816307,1.2734091649035848,0.1509686383041988,0.15578363967472997,4.5190083192557395
lh_superiorfrontal_FA,0.18836850503534783,4.078910197117741e-05,5.9026489966672066e-05,0.2802849415992834,0.5398903987726599,0.4958426970417482,0.1585990910574672,0.1556940709260943,4.389455856174828
lh_caudalmiddlefrontal_FA,0.18315351206264333,7.35729336302447e-05,5.08787985557241e-05,0.30657773497851093,0.575546130363514,0.5338234334633976,0.1386878117009854,0.13344516998802458,4.133281926653898
rh_superiorfrontal_KFA,0.1790692267861483,0.00011534356055529386,2.9609559196312808e-05,0.31607420146199305,0.6580620555750879,0.6233328370842137,0.1105907548369045,0.10915815440444501,3.9380066464256465
lh_superiorfrontal_KFA,0.1737961133243863,0.00020323870851220234,7.318519745536072e-05,0.2790690165311373,0.5383184956116639,0.49512933863882264,0.15633575461935326,0.15317119221741327,3.6919935734931237
lh_caudalmiddlefrontal_KFA,0.16922572941213768,0.0003273347747438262,4.080230832776173e-05,0.3052777768070153,0.5748591429385927,0.5337052535343078,0.1370813983800009,0.13249561884445515,3.485007854523614
rh_superiorfrontal_FA,0.1657596347919815,0.0004657649926361752,0.00012597359353518862,0.29038595812132906,0.6566880649413009,0.6241663368101268,0.11168885293363301,0.11229998793282386,3.3318331565833823
rh_pericalcarine_KFA,0.16312836174192388,0.0006053574950431222,0.00019069182341881986,0.3225445981515809,0.4272597761818,0.3722172691420711,0.16265814543939958,0.17828557713053814,3.2179880761384148
rh_caudalmiddlefrontal_KFA,0.16040726611786835,0.0007916552159944353,0.00033970897959292894,0.2602838463026341,0.6458332689979076,0.6132671978451042,0.12395566864492064,0.1262686948845644,3.1014639224426452
rh_transversetemporal_FA,0.15939279939977385,0.0008725896925442224,0.0025500140999545357,0.2576681934014067,0.5920081303879677,0.6350286135950596,0.15624505488452473,0.1770290615683929,3.0591899214175067
rh_pericalcarine_FA,0.1572687597087635,0.001070362377052705,0.00016148164830634597,0.32733095491655945,0.4311285948957,0.37421050329234457,0.16669804257546983,0.18078734638627697,2.9704691646412402
rh_parstriangularis_KFA,0.14750980122792742,0.002640183379186756,0.0011033515538776126,0.2040807632338293,0.6632437406176648,0.6404732788799289,0.11542557787449706,0.10758822669578118,2.578365907295683
lh_precentral_FA,0.14672781646606292,0.002832320247124711,0.01789718361118248,0.0847900467466674,0.6172055267742433,0.6062851111643299,0.12855219986412855,0.12903455429486255,2.547857643038795
rh_parstriangularis_FA,0.14597753378913886,0.0030261535958646286,0.0017868091100056362,0.19633621151046254,0.6625889187412292,0.6404170392367375,0.11669276169836525,0.10903357518419883,2.5191090326434478
rh_caudalmiddlefrontal_FA,0.14449810315858438,0.0034479390928553147,0.00018496194635311516,0.2719377359145268,0.6486557265361287,0.6139299294767973,0.1268923290200265,0.12849783069452067,2.462440414503495
lh_fusiform_KFA,0.14355760797201764,0.0037430956668120094,0.0051279052091546306,0.24563385849560193,0.6188814849955769,0.6537426624089168,0.14071670640208783,0.14311979928471355,2.426769072955679
lh_precentral_KFA,0.14280204161427015,0.003999099149999674,0.039255469360136463,0.062467939785650885,0.6149109661996641,0.6070339939183175,0.12495662952189279,0.12722564148005097,2.398037828233586
rh_transversetemporal_KFA,0.13495577559150806,0.0077410199729067795,0.011308946535296753,0.22503002977199502,0.5968269584938187,0.6342527562718561,0.15763788288418953,0.17456071891545002,2.1112018120017857
lh_parsopercularis_KFA,0.13451723008316513,0.008030828753511925,0.101380531691199,0.07029219790826054,0.6498036846343093,0.6407782129665814,0.12943334997647357,0.1273569308541722,2.095239634733144
rh_fusiform_KFA,0.13415265610634994,0.008264043675431472,0.0014897376880212217,0.30544306626004364,0.7462391916518437,0.7778366767752803,0.10373144877395658,0.10316384338052272,2.0828073962381017
rh_parsopercularis_KFA,0.13412095402140947,0.008287432297313739,0.015752643203215497,0.1561729842390841,0.6391589742593361,0.6151517497121802,0.15101563730887174,0.15638154637049068,2.0815800064632675
rh_fusiform_FA,0.13369297587471335,0.008579379461051084,0.001175520483944519,0.31159396014523355,0.7448926045406525,0.7777618832904656,0.1057965503806027,0.10517761155317681,2.0665441231521466
lh_lateralorbitofrontal_FA,0.1270672401221587,0.014499763726682307,0.026759379983894497,0.1285801935885991,0.5372068002895372,0.5181602413940528,0.15267800363412878,0.14343746013113512,1.838639074525999
lh_temporalpole_KFA,0.12508585981338038,0.01686224029996689,0.022734462761701425,0.13580566291979473,0.5655077354085065,0.5437017283921088,0.15965220567823726,0.16147806370471848,1.7730847259581328
rh_supramarginal_FA,0.12471600215574177,0.0173335359110625,0.17506480116683065,0.1786159465080124,0.6698878586752726,0.6889789881982935,0.1056774098546596,0.10807648586339244,1.7611128354381809
lh_medialorbitofrontal_FA,0.12396043579799432,0.01835203602472186,0.00774163632460668,0.2773578941193914,0.3761545359486004,0.3288720766729681,0.17313416253304675,0.16777275999651095,1.7363157469295905
rh_medialorbitofrontal_KFA,0.1224545867633228,0.020537611509197334,0.05564544691957358,0.18031673522568675,0.4664118152563271,0.437934367971673,0.14959250581989902,0.1658491501483613,1.687450065543608
rh_bankssts_KFA,0.11860278344305777,0.027231110055375905,0.014037833278867188,0.21022123831131592,0.5475605933521146,0.5761838507276565,0.13286391477984946,0.13937382439834056,1.564934654616767
lh_medialorbitofrontal_KFA,0.11847597510329597,0.027462864032678263,0.008208974515960837,0.2730446247700528,0.3767605493320171,0.3309191745350185,0.17017600974913424,0.16557178291801677,1.5612541732635836
lh_MeanThickness_KFA,0.11828047891282983,0.027868191122850078,0.25723883595188135,0.025856924728524865,0.5957557397686711,0.5923553095145047,0.13246100843879113,0.13055097975616758,1.5548912196921356
rh_superiortemporal_FA,0.1167006583466306,0.031170078066306433,0.08667210650267543,0.21348366279515507,0.6384743048648398,0.6639545296168592,0.12013655294950071,0.11856718437059852,1.506262110019482
rh_rostralanteriorcingulate_FA,0.11667423994251355,0.031227564176928634,0.06362942410880422,0.14791100378764097,0.6365078377915386,0.6167415706353908,0.12725687548587714,0.139724604841709,1.5054618904344081
lh_transversetemporal_KFA,0.11497817839819932,0.03518275009902272,0.03545772656362697,0.19825626835062488,0.5720709115692544,0.6009144646032802,0.13917869542319464,0.15153139995778925,1.4536702164376798
lh_fusiform_FA,0.11492534158996523,0.0353100559858289,0.01262839243617622,0.22717974553537118,0.620384639596529,0.6528414915401409,0.1413008990152069,0.14441928209933647,1.4521015938411148
lh_temporalpole_FA,0.11481438429267365,0.03559576470779169,0.07109007781247224,0.09310402262143774,0.5584816923016248,0.5433300714651664,0.1602856547150555,0.16515517102444482,1.4486016726298647
lh_lateralorbitofrontal_KFA,0.11432300197609663,0.036840263491000245,0.03205848054849302,0.11981281766237006,0.5357487427580754,0.5183895067157686,0.14929185642793333,0.14034251822052676,1.4336772722787117
lh_pericalcarine_KFA,0.11406410161574959,0.03748813327165152,0.011782601087882202,0.24367046918357443,0.4349420821286034,0.3981204407575308,0.14547694328667107,0.15654521237160252,1.4261061848119874
rh_supramarginal_KFA,0.11318172691824033,0.03982716567291931,0.18206707903935238,0.1705463102035188,0.6717681616725308,0.68978418599924,0.10479842007477401,0.10646925164306532,1.3998205993504031
rh_medialorbitofrontal_FA,0.1119717640096797,0.043256395217089225,0.06719109903737085,0.17532476799350488,0.46740663144344735,0.43931319241351763,0.15272312230169632,0.16741315084360114,1.3639496754322262
lh_frontalpole_KFA,0.11153850218216017,0.04455131249325111,0.04135693364257083,0.18077965638537613,0.4727766554583708,0.44265256525486896,0.16394653872945164,0.16927937720256386,1.351139497010269
rh_temporalpole_KFA,0.11153321850133677,0.04458643797015355,0.09668940212133582,0.08820334534580797,0.6729604786874216,0.6605551170063779,0.14230337867879062,0.13896688216432226,1.3507972222388451
rh_parsopercularis_FA,0.11137470807663451,0.04505604997106295,0.04539117325809383,0.11543867092118702,0.6339983157163996,0.6160393231224291,0.15344314422396602,0.15767156256305812,1.346246885203527
rh_superiorparietal_FA,0.11129545286428337,0.04529227720833043,0.4896560674318735,0.0005253414077461999,0.6454152098080396,0.6453419920407143,0.13812103564101716,0.14061140020506788,1.3439758432792936
lh_pericalcarine_FA,0.1082573363908233,0.05544349853378074,0.012430875179366595,0.231081286459387,0.4343928474745476,0.39872389498249855,0.14905906931340704,0.15947851282192782,1.2561493731657811
rh_bankssts_FA,0.10787162769071446,0.05689004935160515,0.01174228454209646,0.21697921189090652,0.5464558692691026,0.5764966813001324,0.13549312010761927,0.14134539916710065,1.2449636894855156
lh_rostralmiddlefrontal_KFA,0.10685716097261996,0.06075385647469667,0.04856524940061611,0.14798293398019324,0.4648446099417908,0.44378352702938734,0.14272386607866894,0.14191704132669875,1.2164261491284631
lh_transversetemporal_FA,0.10581099216958502,0.06498223570353061,0.06599704401981409,0.16957396463456098,0.5755169791941707,0.60078149429195,0.14261745757136549,0.1550974271135552,1.1872053509011073
rh_superiortemporal_KFA,0.10385074658410035,0.07359324468971287,0.13600420353918466,0.18917174265986753,0.6408031214243576,0.6630149440285266,0.11813090403404562,0.11669707031436367,1.1331620488231984
lh_inferiortemporal_KFA,0.10367638511692785,0.07445037940755846,0.009259796929128428,0.24317328098065788,0.5487000387886737,0.5894944726147731,0.1647870828727993,0.1706785900207175,1.12813308469234
rh_superiorparietal_KFA,0.10336464794834674,0.07588621993517945,0.4479509363941401,0.005441226544782512,0.6458987332706073,0.6451502181340416,0.13687907308696193,0.1382448927964894,1.119837079828456
lh_superiorparietal_KFA,0.10247698957001405,0.08021207785997932,0.26101322488788103,0.04589741864627271,0.6223804948271794,0.6159299635275205,0.1398312998648409,0.14124983048121506,1.0957602332991823
rh_middletemporal_KFA,0.10194333780684976,0.08289358610621382,0.20744381760278363,0.19198010156516487,0.750331606330742,0.7700192476449603,0.10496432129731349,0.10007832555691991,1.0814790716987115
lh_frontalpole_FA,0.10150479229850683,0.08520253555069215,0.059194712735458364,0.16182797086342407,0.47142151881035615,0.44411064863815497,0.165030220836853,0.17241856817656015,1.069547480828499
rh_lateralorbitofrontal_FA,0.10066468704758483,0.08971894302307341,0.03072070581660907,0.17247636903202015,0.6521565411706678,0.6336690494420449,0.11180768488728117,0.10236118239788922,1.0471158514728267
lh_postcentral_KFA,0.10051674398452938,0.09047957049081191,0.09035224997845014,0.15552111812683267,0.4749750217644096,0.49556411547034096,0.12724289844748699,0.1373400416033018,1.0434494696864147
rh_precentral_FA,0.10032653147488667,0.09154799301846317,0.4992626838324664,0.03138023685363447,0.7624961224687078,0.7658159673960873,0.10751013933179816,0.10404982831891117,1.038351172176712
rh_precentral_KFA,0.09995139013642464,0.09364564215337605,0.5354243388533311,0.03675690824156719,0.7627518384153213,0.7665824364331915,0.10587902725475941,0.10252268634870919,1.0285124279286515
rh_rostralanteriorcingulate_KFA,0.0987942640360981,0.10041821159588414,0.06922028817634644,0.13960992120515026,0.6341995048335843,0.615633705302675,0.12689228161054905,0.13880745235035258,0.9981875174862206
lh_parsopercularis_FA,0.09862518624974903,0.10147938255524569,0.12434517097166672,0.07323215228268824,0.6496619869850105,0.6400390455426537,0.13263824186208092,0.13015650259950864,0.9936221838790166
rh_frontalpole_KFA,0.09679174900402616,0.11311159855173751,0.03286458855714987,0.1784575076512878,0.46900169456686014,0.43941044240534627,0.16786003474053052,0.16374806406489462,0.946492859895497
rh_lateralorbitofrontal_KFA,0.09604146632710212,0.11819506018666713,0.040980971107413305,0.17163009562812764,0.650415630302092,0.6324130332037557,0.10939530384356096,0.10018615215670452,0.9274006738651038
rh_temporalpole_FA,0.09567689235028691,0.1206624834441889,0.21158445251420965,0.06368099404318522,0.6692969399742201,0.6602370539096689,0.14336674470174454,0.14116445112517834,0.9184277403903413
lh_superiortemporal_FA,0.09548139615982078,0.1220950925746005,0.1675068296331188,0.1451784631805861,0.6239019581235209,0.6468673217282855,0.15795407575177395,0.1584198300692103,0.9133017915064059
lh_rostralanteriorcingulate_KFA,0.09508512009806512,0.1248653836035431,0.07225262547996049,0.14922315006704198,0.4405544409679028,0.4173058556673752,0.15222956898144724,0.15928542044975166,0.9035579442813307
lh_superiorparietal_FA,0.09497416280077353,0.12569439307370311,0.2110942701804911,0.05017412488153198,0.6225982256309261,0.6154360453509269,0.14259889567990172,0.14289393443283432,0.9006840947202587
lh_MeanThickness_FA,0.094540900973254,0.1288851279562626,0.2430578825552817,0.03480092913024916,0.5972176347755025,0.5925445146682866,0.13500507980991067,0.13355395041224868,0.8897971929581432
rh_postcentral_FA,0.0928025699823525,0.14220059649291103,0.6754226061489836,0.05862093115849052,0.45595462343637344,0.4641343372474895,0.134926909175807,0.14399709459777307,0.8470985818549415
lh_inferiortemporal_FA,0.09230590398495207,0.14627299642329122,0.012430869228784142,0.23468819351772338,0.5503659299855923,0.590103485749709,0.16598459096067075,0.17259222364484464,0.8348358419321171
rh_lingual_FA,0.09207342202872208,0.14813641313142695,0.324010344334963,0.08246416850841568,0.5473118147609646,0.5569732154277687,0.11833680680934604,0.11596876986994327,0.8293381752513719
lh_insula_KFA,0.09133899039426827,0.15436086978809652,0.11208494958424393,0.14723588788071104,0.6293495151281466,0.6510843966366332,0.14803339473788374,0.14720435103479584,0.8114627829439521
rh_lateraloccipital_KFA,0.09066796292969534,0.1601865237992923,0.07212861640345132,0.17256726070069683,0.6924575797279563,0.7104998558857215,0.1058077770664636,0.10328123586544577,0.7953740231193431
lh_rostralmiddlefrontal_FA,0.09029810527205673,0.16342393507741387,0.08597528778372635,0.12981269686001876,0.4613076755100627,0.4427301118137814,0.14321107618918694,0.14300991077487485,0.7866843363544548
rh_middletemporal_FA,0.08946856738278154,0.17095011003763813,0.12211502383222177,0.20951027479201823,0.7482144821883838,0.7701234815672117,0.10710228750952148,0.10197984069043452,0.7671306153194272
lh_precuneus_KFA,0.08943686529784109,0.17127837280029903,0.788439888192235,0.0366647334202892,0.6108272693801708,0.6159942872040011,0.13777698489807674,0.1440063636133648,0.7662974716314599
rh_posteriorcingulate_FA,0.08680030856696008,0.19714255875007677,0.2169475613786338,0.10288326475761081,0.4367943305074092,0.4193630770437474,0.16758352844501012,0.17125160068061132,0.7052196109558118
lh_caudalanteriorcingulate_FA,0.08677917384366646,0.19732648525736748,0.37161496107625147,0.07319543553227596,0.46439939012541565,0.449822591743698,0.1869743197844323,0.21062112565932162,0.7048146196177378
rh_caudalanteriorcingulate_FA,0.08618740159144467,0.20353228495327005,0.2716914287767457,0.1292479626522613,0.38400058410388993,0.3641518187474965,0.14808939059357454,0.15886397435329835,0.6913666917706898
lh_superiortemporal_KFA,0.08572772135980809,0.2084981850536856,0.09197981604034695,0.1674824067646132,0.6192356014382158,0.6454062481495642,0.15650105125806726,0.15601673243446693,0.6808977211439405
lh_insula_FA,0.0853737147446397,0.2123736400048225,0.10567113416136725,0.1457289759431143,0.6291423503352921,0.6509404089751369,0.14944960160374643,0.14970916615461732,0.6728993892425785
rh_parsorbitalis_KFA,0.08532087793640562,0.2129337981207885,0.04920848384784691,0.13715400475419892,0.6623054040689917,0.64988598496089,0.09345963030716258,0.08754558759812492,0.6717553992832418
rh_parahippocampal_FA,0.08374105737020639,0.23080256082377448,0.19816831226176268,0.09949901776999195,0.5215226921430703,0.5405889332500471,0.18721483637361575,0.19593084862690952,0.6367593768617805
rh_lateraloccipital_FA,0.08370407160444251,0.2313179345393677,0.06151858059247618,0.17399230837372354,0.6910749700587304,0.7096624641521035,0.1082168662112147,0.1054236772787343,0.6357906942093559
lh_entorhinal_FA,0.08328137713856981,0.23625767478255433,0.2201278617865442,0.07330859316330966,0.521681474263233,0.5097630905564099,0.1605907141275167,0.1645418045563172,0.6266140746215576
rh_isthmuscingulate_KFA,0.08293793788504825,0.2403174532198444,0.6014895252751113,0.03592173068289918,0.5641800517615193,0.5595569550722823,0.12312503889208444,0.13404168811570563,0.6192146871161258
rh_postcentral_KFA,0.08223520833553487,0.24890193926182774,0.36696506437260434,0.08615536076463054,0.45335790805044385,0.46505220914245915,0.1310577572947449,0.1402564253794377,0.6039717196733281
lh_cuneus_KFA,0.08155889719013854,0.25742081827040003,0.2891142865248695,0.1081710671603163,0.5368649343642432,0.5202544527359753,0.15135398990128035,0.15572988888054273,0.5893563335219472
rh_frontalpole_FA,0.0809354228529763,0.2654518537880969,0.08980092677989338,0.14402805997591944,0.46475823512722864,0.4403303300169964,0.17165518784413253,0.16753008982136042,0.5760142374084151
rh_parsorbitalis_FA,0.08005833183629044,0.27690729769141803,0.09215268754222,0.12083801671523145,0.6613659667161482,0.6503602392134179,0.09350471343100587,0.0885855587415044,0.5576655985868553
rh_precuneus_FA,0.07963035368959431,0.282665258576655,0.9508768346747583,0.058576494458664294,0.6730837999505981,0.6810839940625972,0.13458958804250887,0.13853564222518785,0.5487275658848068
rh_isthmuscingulate_FA,0.07844680918515075,0.2990537566802202,0.6473815910037655,0.040814500755417746,0.5639516304382648,0.5586173581068126,0.12476420136489613,0.13636909869490202,0.5242507376583531
rh_parahippocampal_KFA,0.07803996576174826,0.3048215752012152,0.20958779766855395,0.10027014271200857,0.521322820867686,0.5402380228540283,0.18458817370093103,0.19261134040429073,0.5159542969806556
rh_cuneus_KFA,0.07790787374116305,0.3067242738037525,0.4155411178634085,0.09508688844089133,0.4818679227319293,0.46598416093368783,0.16267470197914408,0.17130327572266235,0.5132518530952012
rh_caudalanteriorcingulate_KFA,0.07785503693292896,0.30749024918561174,0.41291901812672727,0.11502583362935385,0.38302021734625225,0.36544659914868977,0.14846886663346864,0.15697229102668034,0.5121686515699492
lh_postcentral_FA,0.07755386712599466,0.31188454309088914,0.16826548096799399,0.12935562833358713,0.47802480831282035,0.49557805817734923,0.13122027071113182,0.14003186909873575,0.5060061482203325
rh_paracentral_FA,0.07642844311060858,0.3284749602446118,0.891589795091433,0.038306793068077966,0.585600466360228,0.5912173910604346,0.14070725350343538,0.15232260825871877,0.4834977312551015
lh_lingual_KFA,0.07637560630237449,0.32928696390364826,0.5073763465331368,0.07396618499676996,0.44763387695443924,0.45989147850832746,0.15961627317326552,0.1716048174353569,0.4824254621723191
lh_entorhinal_KFA,0.07607443649544018,0.3338888044157627,0.28648812022227255,0.06282828035716946,0.5191377089596291,0.5090539789035775,0.15961020887068803,0.16137827058133958,0.47639814297609234
lh_precuneus_FA,0.0754298274349843,0.3438024627677491,0.8219266520783388,0.036838541943973305,0.6116202453383573,0.616903973519577,0.1401375225289432,0.14664730656481945,0.46369101664660217
rh_insula_FA,0.07511280658557978,0.3487055412215714,0.8714752930390518,0.014221357978087289,0.7128383411417264,0.7143429461257589,0.10613080687128006,0.10546608311512232,0.45754115126804257
lh_rostralanteriorcingulate_FA,0.0741670277181896,0.36376058435421044,0.14792621971520972,0.12867549626712144,0.4369450739700323,0.41629110138176967,0.15778342180623123,0.16319513666536653,0.439184361140739
rh_lingual_KFA,0.0741670277181896,0.36376058435421044,0.5056030535041367,0.05115877999469698,0.5498287613419385,0.5557295126371652,0.1169330417356038,0.11372851546463587,0.439184361140739
rh_posteriorcingulate_KFA,0.07316312836174192,0.38019423267389485,0.15873764646802535,0.11622461300991987,0.44015484959566614,0.42070993676986546,0.164956893641695,0.16961982228796826,0.41999447541613133
lh_lingual_FA,0.07264004396022446,0.3888367984506555,0.4587264923012596,0.08112805368998355,0.4462163103561725,0.4598844264618482,0.162011277348371,0.1747013336204996,0.41023264135938925
lh_lateraloccipital_FA,0.07244983145058173,0.39203966810057017,0.4136874628180981,0.08074192012182312,0.538791950612258,0.5528471039920579,0.1690101722399525,0.17899665995022288,0.4066699871489915
rh_cuneus_FA,0.07156217307224905,0.4071881172500055,0.4143265941290456,0.09496954649412295,0.48337282607810256,0.46719233946128297,0.16632868593599826,0.17432845217622653,0.3902049042667088
rh_inferiorparietal_FA,0.07143008105166383,0.4094805196704247,0.9599619131431498,0.09086834155056969,0.7292981013402647,0.7388337859102494,0.10646727016146279,0.1033892960536959,0.387766754223164
lh_caudalanteriorcingulate_KFA,0.07088586192685273,0.4190200742228654,0.40568470768034826,0.07150575033722485,0.46359775548424226,0.44956164443082935,0.18373716012905952,0.20809348830526947,0.37776517055307546
rh_precuneus_KFA,0.06962834589088142,0.44138513302906207,0.7103223314815734,0.0773940032436408,0.6708454009637729,0.6813623163557754,0.13308470854822493,0.13863459514820084,0.3551822990678341
lh_bankssts_FA,0.06906299204277667,0.4516719695680956,0.1989490593510228,0.13269034461045184,0.5254141274994305,0.542976272404195,0.13141807006285694,0.13328406188695488,0.3451768606000663
lh_bankssts_KFA,0.06822817047267808,0.4670743764030467,0.2913176179593071,0.11927458545622267,0.5268794407867835,0.542483211311633,0.13063558375061643,0.1310086651432317,0.33061395735790916
rh_inferiortemporal_KFA,0.06809079477126946,0.4696797973710946,0.3810253875924696,0.12953200060437284,0.727949502051716,0.7402420341354979,0.09791051583206775,0.09178992522691834,0.3281981199933516
lh_cuneus_FA,0.06765753294374993,0.4778105753601042,0.33926674270419566,0.10434176226371546,0.5366496989458068,0.5200910016303851,0.15725350904322713,0.16012695975334795,0.32074424225941284
lh_isthmuscingulate_FA,0.0675782777313988,0.47930132443883816,0.7713674995356911,0.01223896320432024,0.4429239482876383,0.44053853050838115,0.1869863659596285,0.20251151123837022,0.31939137093376124
rh_inferiorparietal_KFA,0.06643171899271909,0.5010927450744181,0.9701218647214881,0.08541273607116381,0.7306949098629332,0.7394583839857536,0.1039247125221632,0.10126098106195654,0.3000818850183604
rh_entorhinal_FA,0.06608827973919751,0.5078328471098216,0.23047705650386463,0.12754505563981786,0.5950252668110385,0.6146716460720013,0.15765462583338252,0.1503278697990971,0.2942792119751267
rh_paracentral_KFA,0.06478849425663895,0.5331925957699757,0.9952719250417245,0.03230853429589054,0.5855397820687491,0.5902435350676806,0.14091440639154615,0.15011724733992884,0.27311589008820314
rh_inferiortemporal_FA,0.06282296499033087,0.5725507378264196,0.38639726368366234,0.1356589527218673,0.7276280421521286,0.7406160624755543,0.09870646398698138,0.09267912406772999,0.2421860213345158
lh_paracentral_KFA,0.0626644545656286,0.5757254740780429,0.8555654268506436,0.02044829685080245,0.5132656432858272,0.5160656801979974,0.13442231498485832,0.13939753884974115,0.2397845539272447
lh_paracentral_FA,0.06255878094916043,0.5778660002161697,0.9749363552035,0.028114948302282842,0.5137949956341116,0.5177204253165875,0.13622312019018484,0.1429376071532522,0.23817285727766355
lh_supramarginal_FA,0.06148091006118502,0.5998345121775734,0.8795824251188634,0.04949673230952363,0.5879247618377761,0.5945922448767941,0.13240100099542992,0.13697127034452777,0.22196855021856998
lh_isthmuscingulate_KFA,0.05991694053745601,0.6319880822843568,0.6622899488291509,0.02386668644474086,0.44372800117214506,0.43918861376190915,0.18207878804979044,0.1979838342671572,0.19929111134885194
lh_inferiorparietal_KFA,0.059087402648180826,0.6490955947153743,0.6763217668910689,0.07317830299036383,0.6720516499063762,0.6810877517863786,0.12304132636708558,0.12391834697300771,0.1876913383304328
lh_posteriorcingulate_KFA,0.058928892223478566,0.652337481897767,0.637290462396422,0.028628234949845614,0.4251239439823022,0.4300728982425335,0.1664069184387273,0.17909941591891776,0.1855276671409985
rh_insula_KFA,0.058685842905601755,0.657343625842872,0.7794182164242041,0.009459732280872761,0.7128071538682548,0.7137886407365787,0.10376458447239,0.10374379615762921,0.18220754399514572
lh_posteriorcingulate_FA,0.058416375183607906,0.662918888539581,0.6430487727427969,0.02748993899909202,0.42475967274452125,0.4295362823501043,0.16569655261677085,0.18146256039131378,0.17853960645894665
rh_entorhinal_KFA,0.057512865762805,0.6816239231570121,0.35155529133697194,0.1115152080106765,0.5981355151882686,0.6150696978853115,0.155517340944753,0.14810287258570126,0.16645517541161328
lh_supramarginal_KFA,0.05737020638057296,0.6844934403617303,0.9362833369196071,0.05015797121892136,0.5877626965147289,0.5943460363603164,0.1289577393618574,0.1335070681679033,0.16463070944139244
lh_inferiorparietal_FA,0.05720641227504729,0.6878387024898093,0.8337754695891949,0.05194637106984933,0.6735657077604479,0.6801451656598817,0.12699003420208543,0.12632642226179805,0.16251339146126162
lh_parstriangularis_KFA,0.05719584491340047,0.6881121194727208,0.7267900661079141,0.030599001278863763,0.5839322724216043,0.5880898058087234,0.13922175685996688,0.13243659798655832,0.16234079301282195
lh_parahippocampal_KFA,0.0561972292377762,0.7085538872251247,0.8558283438959098,0.0016940497867657034,0.4931474124374929,0.4934577139216873,0.18220241838315065,0.18413529794597128,0.14962711502192677
lh_parahippocampal_FA,0.055335989263560564,0.7260401728507329,0.8991957207851871,0.0033350875471887453,0.49304938430053263,0.4936739610996662,0.18578552127918496,0.188751701229063,0.13903934849452465
lh_parsorbitalis_FA,0.05138907968847418,0.8030668793089584,0.7543201657378102,0.005059708234832065,0.5283947599726713,0.5276809161040366,0.14554403849855843,0.13647828428281025,0.09524828522523505
lh_parstriangularis_FA,0.05031120880049878,0.8229309652866285,0.8739412924758511,0.019593625585305228,0.5871167898163252,0.5898590512790851,0.14359955889882445,0.13621669396610164,0.08463659571433271
lh_parsorbitalis_KFA,0.04856759412877387,0.8531498278265165,0.6882995147633686,0.00859080554558132,0.528667947688005,0.5274835238370554,0.14210552974730822,0.1335024398472412,0.06897469253200478
lh_lateraloccipital_KFA,0.047204404476334394,0.8752391717651449,0.6337820179002567,0.05264203167403451,0.543141189891214,0.5522093648039743,0.16884084070783006,0.17561478271028674,0.05787325350978629
lh_middletemporal_KFA,0.0421162198433917,0.9421020529538999,0.9821596567252633,0.03904576860214145,0.6086165488757004,0.6142807697350806,0.1477544171459215,0.1423271961699123,0.025902049824827682
lh_middletemporal_FA,0.03272711902019423,0.9954192804383223,0.8153227171024414,0.052713551915423006,0.6079806726995461,0.615743730994947,0.14969827249329706,0.14479844586316518,0.0019939515899073026
