feature,ks_stat,ks_pval,mw_pval,cohens_d,SCZ_mean,Non SCZ_mean,SCZ_std,Non SCZ_std,-log10_ks_p
rh_cuneus_MK,0.9902912621359223,4.56145242656932e-48,9.677528477185896e-29,3.860846410460786,0.5600118267088536,0.957488557840904,0.10081041599424266,0.10504733036804251,47.34089685022826
rh_posteriorcingulate_MD,0.970873786407767,4.782843483779994e-45,4.563067061881672e-28,3.293384150764395,0.914287493075634,1.1567788887046218,0.08000135523324954,0.06665203740281836,44.320313830970576
rh_cuneus_MD,0.9474341192787795,3.039542391483214e-42,2.7270101882917565e-28,3.3863204660220676,0.5723288296064014,0.9422453330154763,0.10687667388920563,0.11155029349592194,41.51719179527712
rh_posteriorcingulate_MK,0.946879334257975,9.500834742545563e-42,2.7270101882917565e-28,3.414624020406761,0.9140338052771055,1.1595363836322314,0.07425813649693176,0.06945646490578188,41.02223823595797
rh_superiorparietal_MK,0.9331484049930652,1.7784235750595861e-40,4.722027947008669e-28,3.6609807241053183,0.8289242765444554,1.0931697975798453,0.07387682248350488,0.0704400391264302,39.74996479319569
rh_superiorparietal_MD,0.9228848821081831,7.201390257161448e-39,5.603059598836694e-28,3.5094545541792663,0.8229736082986191,1.0892286945440375,0.07920601661234612,0.07237606965945709,38.14258365318974
lh_superiorparietal_MK,0.9137309292649098,4.4206778810084494e-38,2.183031642299231e-27,3.1748291165941493,0.8533097098622535,1.0969314335811082,0.07970095922849077,0.07365048995809018,37.35451112942736
lh_superiorparietal_MD,0.9040221914008322,5.949465740048919e-37,1.3819399906646612e-26,2.916060235322634,0.8625767830714927,1.09645390313752,0.08433818859170818,0.07584292900311847,36.22552203201368
rh_inferiorparietal_MK,0.8943134535367545,7.189548486337199e-36,2.199188888897331e-26,2.8282916684840433,0.831600860221999,1.1035475376237873,0.0986239550358406,0.09361535850429711,35.143298383059324
lh_transversetemporal_MK,0.8943134535367545,7.189548486337199e-36,8.439504261007006e-28,3.059177567944125,0.7455225869138097,1.0927280623747861,0.11686727756741834,0.11002218187816136,35.143298383059324
lh_medialorbitofrontal_MK,0.8891816920943134,3.235461279788228e-35,2.183031642299231e-27,2.809337708736933,0.8388715571162054,1.0916997481132675,0.09496850894426002,0.08473145007267548,34.49006379320692
lh_inferiorparietal_MK,0.8748959778085992,7.800540932480547e-34,4.5529576566042183e-26,2.682192833287771,0.883446929682302,1.095115550585191,0.08033627964644459,0.07747021130446828,33.1078752798934
rh_transversetemporal_MK,0.8748959778085992,7.800540932480547e-34,5.4207755291227715e-27,2.9679675552287574,0.7530532928186973,1.095034601740837,0.11717244446209936,0.1132421831771162,33.1078752798934
lh_cuneus_MK,0.8743411927877948,1.0759330375314264e-33,9.576489302794848e-27,2.846295649299566,0.6620221631577834,0.9550146368966494,0.1030809172639018,0.10279523036439674,32.968214756862515
rh_inferiorparietal_MD,0.8657420249653259,4.1688663312512574e-33,5.367705739992392e-26,2.708300187323754,0.8215665994099788,1.0986054682719564,0.10678038182190114,0.09759852478752519,32.37998202968316
rh_frontalpole_MK,0.8651872399445215,7.11979236809867e-33,3.385374250348212e-27,2.936292758962526,0.45859768892742514,0.9197747913714194,0.1510026761990813,0.16289417627211145,32.14753267134964
lh_transversetemporal_MD,0.8611650485436894,1.0320840095270595e-32,4.14329586633754e-27,2.796476656780187,0.7550271014577697,1.0855339253573761,0.12502869462679167,0.11092383935424535,31.986284950587596
lh_rostralmiddlefrontal_MK,0.8560332871012483,3.6955643600712774e-32,8.378411766780175e-27,2.735196040036487,0.9141374817619085,1.1174713940866579,0.07731144310179955,0.07124430464353045,31.432319229867538
rh_rostralmiddlefrontal_MK,0.8560332871012483,3.6955643600712774e-32,7.21473501461357e-26,2.7890679833960395,0.9144194293612015,1.1303854652763121,0.07681854211971904,0.07804271605754601,31.432319229867538
rh_frontalpole_MD,0.8463245492371706,3.07335055453808e-31,4.2625230925719327e-26,2.6942230998483834,0.4760501288848209,0.9098760962155544,0.15562433363026895,0.16624218736239002,30.51238790013461
rh_transversetemporal_MD,0.8452149791955618,5.518618296707205e-31,4.7054467866447584e-26,2.7892113886755614,0.7570116896071826,1.0902129855109184,0.12321467129459415,0.11558498314979362,30.25816964350795
lh_cuneus_MD,0.8371705963938973,1.6452509341909094e-30,1.2182030833647515e-25,2.65427929377499,0.6594799930563969,0.951112352871829,0.11109151323730708,0.10863985374116279,29.78376785393089
lh_precuneus_MD,0.8371705963938973,1.6452509341909094e-30,2.493502870285603e-25,2.6036392829424746,0.8481193676900698,1.0619100451084205,0.08472672441131024,0.07941174397696693,29.78376785393089
lh_precuneus_MK,0.8366158113730929,2.3981092987217898e-30,1.8015748966387833e-25,2.6574353090100544,0.8497106037530715,1.065386047289426,0.08050383878337274,0.08180940084152206,29.620131026929407
lh_paracentral_MK,0.8366158113730929,2.3981092987217898e-30,3.383319167108444e-26,2.852118537761597,0.9361928620956297,1.142869144516507,0.07538360326811293,0.06942198509296403,29.620131026929407
lh_medialorbitofrontal_MD,0.8320388349514564,5.265897623594407e-30,4.7054467866447584e-26,2.589612487914986,0.8496201175923261,1.0893435565530385,0.09779358076488928,0.08703594596575695,29.27852758843926
lh_lateraloccipital_MK,0.830374479889043,1.0352586522558479e-29,4.86268038752609e-26,2.6710086278234404,0.9299591804508265,1.132996067378789,0.083228799088988,0.06804076982763418,28.984951131160027
rh_medialorbitofrontal_MK,0.8274618585298197,1.1947150258667327e-29,1.343564267040693e-25,2.6983356728245464,0.7944654666349142,1.0946923447314831,0.1125306221857216,0.10998223513586683,28.922735674174323
lh_MeanThickness_MD,0.8228848821081831,2.835877225399439e-29,2.8585914426755505e-24,2.378776440619959,0.9177659570398271,1.1001633546321137,0.0768960408507274,0.0764572949101927,28.547312575141206
lh_inferiorparietal_MD,0.8223300970873786,3.7881168156926913e-29,1.9227232349019648e-25,2.4921689266536897,0.884815449394239,1.089551669079551,0.08188585952595635,0.0824169275107877,28.421576636947407
rh_rostralmiddlefrontal_MD,0.8217753120665742,5.562246418158473e-29,3.9240874126190475e-25,2.607325828981442,0.9159546720594943,1.127319022292263,0.0795024769578897,0.08259908537902011,28.254749774969184
lh_MeanThickness_MK,0.8171983356449376,1.2145155825262232e-28,3.797830537014212e-25,2.6208117631498853,0.9228872104922893,1.1124559302448764,0.07013043299129217,0.07446862993388388,27.915596908720737
lh_rostralmiddlefrontal_MD,0.8085991678224688,4.446116493008212e-28,4.052976958094115e-25,2.4019039008421954,0.918653276532108,1.1131005888893344,0.08435671615069658,0.0774049601407573,27.352019162507958
lh_paracentral_MD,0.8080443828016644,5.508174908156075e-28,4.919267503541202e-25,2.631459296565747,0.934831995273791,1.1381235835614423,0.08013169524586013,0.07426553795398005,27.258992277485383
rh_medialorbitofrontal_MD,0.8074895977808599,7.924959321357178e-28,3.349747283868937e-24,2.4547652694381554,0.7919821964590524,1.0867934262594134,0.11925136633916296,0.12093776068952075,27.101002958328564
lh_insula_MK,0.8023578363384188,2.2611956568433416e-27,4.7850878419881856e-23,2.237978292732942,0.9707629795028704,1.1602334849785028,0.08136501167043271,0.08783427493658393,26.64566185737554
rh_lateraloccipital_MK,0.7977808599167823,4.900305259918636e-27,9.189231799674878e-24,2.248912088098592,0.9407494065234657,1.1370690322709234,0.08709322816539844,0.08749705629654651,26.30977686516151
lh_insula_MD,0.7783633841886269,1.6133798644820565e-25,7.596367257326638e-23,2.197152489713511,0.9573304765956588,1.1570349019165729,0.08838787256103747,0.09332970862514578,24.792263367498983
lh_parsopercularis_MD,0.7778085991678225,1.8424082584323541e-25,4.361497525883841e-23,2.28342019084799,0.8831940172605475,1.100586390863134,0.10279119180086789,0.08695888256211995,24.734614128352792
rh_paracentral_MK,0.7732316227461858,4.059122923945621e-25,8.329867413176091e-23,2.222394522733784,0.944609177629817,1.1188867829958355,0.08502858793948327,0.07119809586217499,24.39156779658049
lh_lateraloccipital_MD,0.7680998613037447,9.63939721016432e-25,2.3625679749326425e-24,2.4138591369521705,0.9304748719318466,1.1225320030661927,0.08734400395212173,0.07093656518365664,24.015950123408842
lh_parsopercularis_MK,0.7486823855755894,2.3506269944407707e-23,8.905271169747704e-24,2.3689580753571033,0.8884498100388061,1.1040194911953083,0.09637493532676222,0.08528203905639015,22.62881628074674
rh_parsopercularis_MK,0.7452149791955617,3.518903953161362e-23,6.926866128914456e-23,2.249715651465756,0.9074628890620151,1.10679380428665,0.09236907341662104,0.08466898233641,22.45359258686793
rh_paracentral_MD,0.7441054091539528,4.991783886893186e-23,6.778917203812915e-22,2.0916181384070662,0.9446173141418814,1.1143953085875087,0.08860839772083419,0.07297875880640319,22.301744225160856
rh_lateraloccipital_MD,0.7206657420249654,1.8359787820555296e-21,1.8184721513077987e-21,1.994003475444541,0.9431390122799637,1.1306320250623534,0.09174865193756115,0.09625422337504985,20.736132342137743
lh_frontalpole_MK,0.6961165048543689,7.085502218087474e-20,1.5669790473290154e-21,2.02491340439406,0.6126071693504928,0.9633280220642989,0.16951856630654966,0.17681045661644104,19.149629361674233
lh_posteriorcingulate_MK,0.6920943134535368,1.1539094677274418e-19,1.476308177219819e-21,2.074641779981367,0.9405551872287539,1.121145448163024,0.08929305746550564,0.0847403605123445,18.937828263284914
lh_posteriorcingulate_MD,0.6920943134535368,1.1539094677274418e-19,1.3385133240179165e-19,1.9068728029904232,0.9299717089740359,1.114861618822624,0.0973714867357115,0.09654625693094349,18.937828263284914
lh_frontalpole_MD,0.6915395284327324,1.3471841978533378e-19,3.9282217629793844e-21,1.9900029956609122,0.5970298061671616,0.9602131246023287,0.1790401218334752,0.18590316225152131,18.87057301998438
rh_insula_MK,0.6829403606102635,3.822275088368647e-19,1.8381498930245525e-17,1.640350856516362,0.972917945742754,1.1335882145577494,0.09127852914674006,0.10419277379020894,18.417678060069772
lh_superiortemporal_MD,0.6737864077669903,1.2700356586652066e-18,5.6376722992701734e-18,1.7177642056646933,0.9466498623022456,1.137975023547425,0.10854357707131765,0.11414662565313126,17.896184085229773
rh_parsopercularis_MD,0.6686546463245492,2.6717389188787715e-18,7.952234358170194e-21,2.029447361939764,0.91036273279784,1.1008309334452848,0.09749354081126273,0.09006386102478582,17.57320598318381
lh_superiortemporal_MK,0.6635228848821082,5.63848271705237e-18,4.244750743558833e-19,1.8674125433117361,0.9491880369545667,1.141740599873528,0.10187851742764166,0.10433081650106624,17.24883774641793
rh_postcentral_MK,0.6583911234396671,1.1761126914213218e-17,3.2082504757437626e-19,1.8333745499932268,1.0082634635229006,1.1628968765572176,0.08402610196541296,0.08465991096704827,16.929551063533975
lh_fusiform_MK,0.6578363384188627,1.341295543897782e-17,7.834688141500209e-19,1.7935330743056186,1.0139381359657498,1.172139698966325,0.08797643489041984,0.08843628678877842,16.872475518239277
rh_fusiform_MK,0.6395284327323162,1.2748580173692108e-16,5.161616396096851e-19,1.8543885127256856,0.974385200660754,1.1556402626909252,0.09776001549356529,0.09772767039884467,15.894538180490148
lh_fusiform_MD,0.6338418862690708,2.8818066858650025e-16,3.1267454798563976e-17,1.6543635674442172,1.0111566326540045,1.1669139511002236,0.09182410655630291,0.09641860927150568,15.540335155401952
lh_lingual_MK,0.6298196948682385,4.3658139060472325e-16,1.1910700209506978e-16,1.562609690654925,1.0401057111876988,1.1575447249788238,0.0786083633171367,0.07153657470514117,15.359934780147553
rh_postcentral_MD,0.6206657420249653,1.2694808339931365e-15,1.8028772374822263e-16,1.5812128334577404,1.0152844661759128,1.1579097297144176,0.08945599021629856,0.09093775469752027,14.896373851508537
rh_supramarginal_MK,0.6155339805825243,2.454516435293768e-15,1.3702516643825402e-17,1.681182957267859,0.9002138919291645,1.094782864263777,0.11799924552580054,0.11342224108623285,14.610034055544762
rh_superiortemporal_MK,0.6058252427184466,7.873709452489757e-15,1.3917814969563872e-16,1.5700219313633657,0.9722784759763099,1.1285957821579076,0.1013888364767475,0.09770462308820019,14.103820615137424
lh_caudalanteriorcingulate_MK,0.6029126213592233,1.0622125623191752e-14,5.4870843191685454e-18,1.724216513490913,0.9694445046620265,1.1497028678286885,0.10638278165891565,0.10267450342789072,13.973788566677344
lh_entorhinal_MK,0.5887656033287101,5.529241992236007e-14,6.995519664160169e-16,1.5231299804300764,0.8922824008999789,1.1562887649083138,0.1687438221910438,0.17780079291262615,13.257334402357715
lh_entorhinal_MD,0.5864077669902913,7.487136567450413e-14,6.1163165376115254e-15,1.4453942013411103,0.8969363835065114,1.147794471756125,0.17102686926635224,0.17605050898855126,13.125684245147745
rh_entorhinal_MD,0.579611650485437,1.6092377663387335e-13,1.915672344871078e-14,1.4586093514471,0.8174092433610463,1.1296873686100746,0.21391136549487832,0.2142745810556652,12.793379783756723
lh_supramarginal_MK,0.577253814147018,1.9881415500239377e-13,3.2229529613672347e-15,1.50488784492415,0.9027746284455515,1.0397350011611803,0.09313241348918631,0.08883761565517846,12.701552698305981
rh_fusiform_MD,0.5715672676837725,3.983713324605857e-13,5.710494792625058e-16,1.588148295652508,0.9768816465720617,1.1477766774335478,0.1011203839697302,0.11372322729982416,12.399711921759721
rh_precuneus_MD,0.5680998613037448,5.246365638179761e-13,5.544651414144728e-15,1.437050760606316,0.9066422198842525,1.04478382423979,0.09576239177340008,0.09649331666251415,12.280141445139064
lh_postcentral_MD,0.5664355062413314,7.02766460797103e-13,1.3998465374232122e-14,1.4315657829852886,0.9895236410950078,1.1215836103622856,0.09640987266342095,0.08789057164565742,12.15318897318459
lh_caudalanteriorcingulate_MD,0.5635228848821082,8.528134817894373e-13,1.3815878598192116e-15,1.535148406860846,0.9712660466519673,1.138966062412885,0.10989176526902902,0.10858485189614432,12.069145942674353
rh_supramarginal_MD,0.5613037447988904,1.2185279826911634e-12,3.0213370737094935e-14,1.4487134725790762,0.9084717031963343,1.0834451498995168,0.12323551917481347,0.11827045752959221,11.914164493078502
rh_precuneus_MK,0.560748959778086,1.2711509433156113e-12,1.6056570877982057e-15,1.4947932774977515,0.9076571874742747,1.0491877831565324,0.09712499930343241,0.0921750690315733,11.895802875915868
lh_lingual_MD,0.5578363384188627,1.6427927798525154e-12,2.5554566693420456e-14,1.3718955332087979,1.0443388587987248,1.1554925200356472,0.08252512893562365,0.0794903654912897,11.784417214557795
rh_entorhinal_MK,0.5527045769764216,2.882721794031335e-12,5.0989061889654765e-14,1.4203104523566032,0.8371327221935019,1.1260651006852427,0.2051276846572675,0.20171607268398808,11.540197268519545
lh_postcentral_MK,0.5486823855755895,4.145539510745891e-12,4.026438064779527e-15,1.489809526488059,0.9937032775927798,1.1253854198454691,0.09160267169255569,0.08505310812111432,11.382418941279548
lh_supramarginal_MD,0.5486823855755895,4.145539510745891e-12,7.439218632325823e-14,1.3793363124797065,0.8970002703335704,1.0334745923650697,0.09950479663390888,0.09837602544091748,11.382418941279548
rh_precentral_MK,0.5457697642163661,5.821878190134254e-12,6.1163165376115254e-15,1.4932282710832152,1.0175496655681036,1.1550068365112154,0.09012450321671235,0.0939432661472829,11.234936885449244
rh_inferiortemporal_PF,0.5411927877947296,9.405249388283128e-12,1.565745687741257e-12,1.0996140511067465,0.34805000004122794,0.39197615515014234,0.042377058277925254,0.03735896195351531,11.026629684268917
rh_precentral_MD,0.5400832177531206,9.911328847763922e-12,4.636538464118596e-13,1.3155953551344397,1.0214293036653934,1.152872946122848,0.09812591479470484,0.10166653175215236,11.003868114176507
lh_precentral_MK,0.5343966712898752,1.7658849541245143e-11,3.862012647582002e-13,1.3570962299890883,1.0426056372087382,1.1646748607966333,0.08515444175089182,0.09450029918357954,10.753037593746221
rh_parsorbitalis_PF,0.5309292649098475,2.536231777356278e-11,3.822202022037931e-11,0.9976156203002119,0.3444914037672367,0.3875269587383226,0.044713217746732814,0.04150389822253294,10.595811060322145
rh_caudalanteriorcingulate_MK,0.5224687933425798,6.171585685943533e-11,8.94359319487159e-13,1.3030716229409829,0.9790545219780603,1.142608117082451,0.12385333591667813,0.12715277013453083,10.209603236910263
lh_bankssts_MK,0.5070735090152566,2.539212258631917e-10,3.3219574673436577e-12,1.2527977514692314,0.9463829723557807,1.0906867098944086,0.12171063877157151,0.10826713678755837,9.595300993927545
lh_precentral_MD,0.5063800277392511,2.659493787174891e-10,2.2131864769606036e-11,1.2262810386270537,1.0465878142755822,1.163564644200469,0.09240133196373555,0.09829081104348539,9.575201019894562
rh_precentral_PF,0.4994452149791956,5.273606980082251e-10,2.9726281932918266e-11,1.016463373271175,0.3483396092497546,0.3917550007872423,0.04380375943579188,0.04159201242811439,9.277892239491706
rh_fusiform_PF,0.4977808599167822,6.114680404102554e-10,1.4786343209129224e-11,1.0659425543670147,0.34752519654506026,0.391497653683761,0.042897413349101216,0.0395385521280889,9.21362623729686
rh_insula_PF,0.4972260748959778,6.296854298645649e-10,3.589911619438463e-11,0.9893479119447295,0.3487918100375237,0.3908074824668543,0.045000614966695426,0.03977454562295244,9.20087635561429
rh_superiortemporal_MD,0.48751733703190014,1.5119267638405433e-09,1.464437247058847e-12,1.2981168291823266,0.9844585906780661,1.1190234165680264,0.10474183496250841,0.10256992418189095,8.820469245098199
rh_parahippocampal_MK,0.477253814147018,3.71008687647043e-09,1.3712276718659317e-10,1.150777650479697,0.9965657048018102,1.189290262634809,0.17298916616811885,0.16176951694794103,8.430615920700328
rh_caudalanteriorcingulate_MD,0.4710124826629681,6.582297863051279e-09,9.413137779155262e-10,1.020835531881817,1.0038956788851956,1.13982112459923,0.1298354104846558,0.13638634267406596,8.181622468843138
lh_parsorbitalis_MD,0.4710124826629681,6.582297863051279e-09,1.0573767535300312e-09,1.0399321945792654,1.0088502601657925,1.148113751134468,0.13597338816777751,0.13182637210865467,8.181622468843138
rh_middletemporal_PF,0.46574202496532596,1.027798603581349e-08,9.635987134071702e-12,1.0834054412433602,0.3505327276667109,0.3930783403362223,0.04174957669566448,0.03662348134891506,7.988091976704676
lh_rostralanteriorcingulate_MK,0.4578363384188627,1.944982464344766e-08,5.340893369121454e-10,1.0882222073243883,1.0309318308113236,1.1671933658597347,0.12505334245770244,0.1253760661441555,7.711084309851197
rh_lingual_MK,0.45159500693481275,3.3514601597389065e-08,3.447192577827243e-09,0.9749812657234422,1.0436287909840523,1.144493990361028,0.10558773992749138,0.101274241010008,7.474765938886514
lh_parsorbitalis_MK,0.45048543689320386,3.6946546041881485e-08,1.2104765597725505e-09,1.0720272684351333,1.0168359349348284,1.151662716396903,0.12490853386940858,0.12662173619736145,7.432426155511781
rh_lateralorbitofrontal_PF,0.4497919556171983,3.8458833331522816e-08,8.377086314062316e-10,0.9646789745289169,0.34572588630240547,0.38784719111896016,0.04666563949359675,0.040439196282033296,7.4150038944440535
lh_bankssts_MD,0.4459084604715673,5.3537737574602195e-08,5.55516981908157e-10,1.0814119971493952,0.9460574982463225,1.078000302874388,0.13088420460144093,0.11243701310663093,7.2713399854021015
rh_inferiortemporal_FW,0.4446601941747573,5.783189961703858e-08,1.7979485880215262e-08,0.8240456036436199,0.37005354402755986,0.4109782163013759,0.052660356994536736,0.04647297011935125,7.237832542096404
lh_rostralanteriorcingulate_MD,0.43786407766990293,9.924030702014628e-08,7.660748266332454e-09,0.9836180547060628,1.03240330015348,1.166457426233391,0.13604560732037796,0.13652750362546393,7.003311900819124
rh_inferiorparietal_PF,0.43148404993065187,1.650488218817564e-07,1.1873507663740376e-09,0.921162767931204,0.3506459489589662,0.38742681122856854,0.04166395047495327,0.03811459929054992,6.782387571315968
rh_supramarginal_PF,0.430374479889043,1.7840287549125053e-07,3.2582943505160156e-09,0.8980693413101548,0.3503352655130579,0.3862045120218655,0.04164186174381412,0.038163150571328165,6.748598149960352
rh_fusiform_FW,0.4201109570041609,3.8739166137185357e-07,2.6338450339664546e-07,0.7817466062026134,0.36888533230990844,0.4092197767553706,0.0536232054063273,0.04948434260032857,6.411849731730398
rh_precentral_FW,0.41262135922330095,6.82529135744183e-07,1.5996190558651988e-07,0.7683289294462148,0.37001140812145883,0.4103659581463301,0.05384725490324161,0.05116343874523685,6.165878804766554
rh_rostralanteriorcingulate_MK,0.41040221914008324,7.96693673019643e-07,1.4463282332377357e-07,0.8430828109176045,1.0954283435148315,1.1976215926356424,0.12231699791786324,0.12010041602172435,6.098708631790837
rh_parsorbitalis_MK,0.4087378640776699,9.080959366796315e-07,2.802494283730135e-09,1.0629369489988254,1.0266930341118006,1.172034919231362,0.13009110436983243,0.1430728597686761,6.041868267591645
rh_parsorbitalis_FW,0.4041608876560333,1.2617822787042717e-06,2.6338031622979596e-07,0.7520203218279983,0.36679082086953535,0.40704350847170684,0.0554657607050218,0.05151338045856645,5.899015576403005
lh_parsopercularis_PF,0.4023578363384189,1.4390436406594444e-06,7.661379358319413e-07,0.7781883166756975,0.35054732414172823,0.386184031608915,0.047352916108069174,0.04418104789133016,5.84192603538223
rh_isthmuscingulate_PF,0.4001386962552011,1.673612389963856e-06,1.1226850224334533e-07,0.829028845168221,0.3411170470438932,0.38154216668578583,0.05078761698490092,0.04664854553099548,5.776345117664029
rh_superiorfrontal_PF,0.39778085991678225,1.991341693062604e-06,1.5571964211330823e-08,0.8514385132551809,0.3473240827115321,0.3861779966038051,0.04819724104588034,0.042916366854105215,5.7008542132627325
rh_lateraloccipital_PF,0.39611650485436894,2.22682360308304e-06,1.0990794291947728e-09,0.9425284117748632,0.3443942973407756,0.38446308629969533,0.043950983626900815,0.041022617373712364,5.652314184062425
rh_rostralanteriorcingulate_MD,0.38876560332871013,3.756307404603964e-06,1.8367260665135453e-06,0.7388375497589948,1.1028501060966065,1.1945122139256017,0.1294921043363188,0.11838434288250263,5.425238873631624
rh_middletemporal_MD,0.3869625520110957,4.215517795437724e-06,1.4488699789281185e-08,1.0208049377895698,0.8862841380650962,1.043810585734274,0.14952039296038505,0.1589668365620347,5.375149073022641
rh_isthmuscingulate_MK,0.3836338418862691,5.332080343345857e-06,2.1887762493703034e-08,0.9568924792165224,1.070378808841666,1.1898277843695209,0.11840231578995426,0.13094271646267208,5.273103315295522
rh_rostralanteriorcingulate_PF,0.38238557558945907,5.761794344841026e-06,2.0891686368091054e-07,0.7911642438264009,0.3445180625285834,0.38362890146861606,0.051059856931815674,0.047753933039425024,5.239442247009207
rh_lingual_MD,0.38072122052704577,6.444085296471007e-06,3.481025322358406e-07,0.802907679821799,1.051107867579496,1.1421974652645484,0.11589432927319654,0.11095112430373351,5.190838719720616
rh_parahippocampal_MD,0.37905686546463246,7.257235229662773e-06,1.0139123584153589e-07,0.9472852909458929,1.0130094881199707,1.1854807236094347,0.18785845689583547,0.17608919086916694,5.139228799849579
lh_superiortemporal_PF,0.37115117891816923,1.1900202184975601e-05,8.028551621361482e-06,0.727101739527267,0.34254575232133644,0.3780785845241548,0.05172309465496447,0.045837822353316536,4.9244456598618145
rh_insula_FW,0.3710124826629681,1.2296322527635637e-05,7.661379358319413e-07,0.7465115855426311,0.37027220018241447,0.40961006129728894,0.05580217263651751,0.04939398618332298,4.910224753987866
rh_parsorbitalis_MD,0.3710124826629681,1.2296322527635637e-05,5.748774226505978e-07,0.8568150159282153,1.0430268104388087,1.1616978202804535,0.13350063479938296,0.14332989159610424,4.910224753987866
rh_temporalpole_MK,0.3664355062413315,1.655622278790084e-05,2.8991802244246e-06,0.7537053771800096,0.9717200386685734,1.1348254198389005,0.20588470398347875,0.22643646225925537,4.781038738172161
lh_insula_PF,0.36601941747572814,1.6609647612898204e-05,6.533896538669072e-07,0.8141944384319582,0.34531088732230275,0.38391479838935005,0.05030989391635064,0.04432852969585241,4.779639581359396
lh_inferiortemporal_MK,0.3653259361997226,1.7842990821966818e-05,0.00024294121305511564,0.5828054422575102,1.0408358730417522,1.1137263724195923,0.12100980160055438,0.12899922023342728,4.748532347907732
rh_superiortemporal_PF,0.361997226074896,2.161451852496075e-05,4.1338295043607944e-08,0.8376056793867569,0.34823694975905994,0.3843771978031419,0.045984979200587126,0.04010890828181046,4.6652544341660285
rh_parstriangularis_PF,0.36185852981969485,2.220653144609256e-05,2.677607636582386e-07,0.7840939446418725,0.3506821238845452,0.38394039656082096,0.04451495732086311,0.04020800702093087,4.653519270873419
rh_lateralorbitofrontal_FW,0.35963938973647713,2.563563820662872e-05,5.915998619958579e-06,0.7311711068990449,0.3667789526399414,0.406356161122675,0.057817020729928184,0.05016956302369224,4.591155866202243
rh_middletemporal_MK,0.3561719833564494,3.187684600673646e-05,1.2851754231904747e-07,0.9180249871547388,0.9182407697443896,1.054789941880014,0.13768866921655928,0.15902952430226613,4.4965246555830864
lh_medialorbitofrontal_PF,0.3482662968099861,5.133561058057148e-05,0.00043476011336382984,0.5512857336778223,0.33441274909543245,0.3671837933939393,0.06349662342719355,0.05509569986590309,4.289581268156448
lh_medialorbitofrontal_FW,0.34368932038834954,6.791192960347728e-05,0.001133340911531578,0.5082309372757431,0.3588236791561293,0.3910293652720236,0.06766683833795024,0.058755933673934786,4.1680539296092824
rh_entorhinal_PF,0.3420249653259362,7.42854019438002e-05,1.3072603182201305e-06,0.7851639300085412,0.34393468184797504,0.3825426162161014,0.05087531844479774,0.04740713519735603,4.129096522419044
lh_caudalanteriorcingulate_PF,0.3420249653259362,7.42854019438002e-05,2.4548629886026843e-06,0.7306473680646367,0.3330767575862262,0.3763070284976993,0.0602818367864056,0.05803091198976159,4.129096522419044
rh_temporalpole_MD,0.3418862690707351,7.651375086371683e-05,3.385328480052375e-05,0.6541636885081429,0.9811700977233478,1.1309325734908169,0.22422871128957,0.23355100026000036,4.1162605074925045
rh_isthmuscingulate_FW,0.34133148404993063,7.909447153898726e-05,3.295090578179662e-05,0.6722571857758503,0.3621632255955089,0.4005870095047067,0.059510990583170865,0.05470049762997039,4.101853871293978
rh_precuneus_PF,0.34008321775312067,8.47245881025258e-05,8.293230278320019e-07,0.7594299414592423,0.3498447098614442,0.3848336648328187,0.046596966654337164,0.045542310955631264,4.071990533853641
rh_bankssts_PF,0.338002773925104,9.484718768892776e-05,1.4607547651124197e-05,0.7005791283476687,0.34145998969367497,0.37440591378990995,0.05065782175234747,0.0430906720068296,4.022975541836861
rh_rostralmiddlefrontal_PF,0.3373092926490985,0.00010046202097978598,5.22045958726421e-07,0.7622272349647475,0.3521424514003945,0.386658087235307,0.04712137408889342,0.043365942637080906,3.997998089450004
lh_supramarginal_PF,0.336754507628294,0.00010380943510298032,5.745221441582892e-06,0.7030953361157566,0.34807683206761364,0.3795278210168432,0.04581824814387425,0.04361908360475708,3.983763172239569
rh_transversetemporal_PF,0.336754507628294,0.00010380943510298032,6.22807036738366e-07,0.7487028709469916,0.34351986978465165,0.38096800464618646,0.051702213821716705,0.04827371997830173,3.983763172239569
rh_isthmuscingulate_MD,0.33439667128987516,0.00011876915067041564,2.173492256061754e-06,0.7828806029327822,1.0779212561465037,1.1802660427320242,0.1209395038570944,0.13983384519564576,3.92529634919851
lh_precuneus_PF,0.332871012482663,0.00012806582845953986,8.753912457160098e-06,0.6946042790022425,0.3497756871281572,0.38149246645191565,0.04780741610177403,0.04340995292448959,3.892566736697276
rh_frontalpole_PF,0.332871012482663,0.00012806582845953986,0.00012793397805202774,0.5603373314831709,0.33534042311995627,0.3681280668062531,0.060177207529911736,0.05680235265213237,3.892566736697276
lh_caudalanteriorcingulate_FW,0.3323162274618585,0.00013194280228526184,7.047260373178524e-06,0.6843657932604289,0.3557103318012446,0.39842396798381546,0.06357801061585754,0.06122676067934613,3.8796142963348297
rh_bankssts_MK,0.33106796116504855,0.00014441699926403818,4.091316100004087e-06,0.7688148265962786,1.0056718902722044,1.109504663625289,0.13840652421630512,0.13161946005939612,3.8403816831372612
lh_temporalpole_MD,0.3288488210818308,0.00016238471095505382,3.431322890931852e-05,0.7373789238524684,0.9528425984977945,1.1079336443335301,0.2174147021934857,0.2029929536342112,3.7894548633979848
lh_superiortemporal_FW,0.32829403606102636,0.00016716202074263653,0.00029099612852167227,0.5880015674008824,0.36398702909730424,0.39688440613577686,0.05918796444732809,0.052508009136840283,3.7768623875160166
rh_lingual_PF,0.32829403606102636,0.00016716202074263653,1.808729606212061e-06,0.779656811606396,0.34325956007158387,0.378142651069018,0.04702221022318535,0.042338313390598833,3.7768623875160166
lh_insula_FW,0.3271844660194175,0.00017728578920747027,7.583153794074249e-05,0.652079768021457,0.36646776663807124,0.40262305207384064,0.05880050213627439,0.05187526191749541,3.751326074980726
lh_paracentral_KFA,0.3248266296809986,0.00020516452646330215,0.00019752290350842514,0.5651026918468874,0.5431433312871999,0.46930275951237893,0.12412134253814729,0.1369010520100443,3.6878977278342573
lh_MeanThickness_PF,0.3231622746185853,0.00022365771647329016,4.8579011815839496e-05,0.6332889798069476,0.35074178469706474,0.3800267419673414,0.04796777791991462,0.04445060915937874,3.6504161135254924
rh_parsopercularis_PF,0.3231622746185853,0.00022365771647329016,0.00022047593767894217,0.6036499165730856,0.3507175376523255,0.38046930839766463,0.05183613656355944,0.04659749237286666,3.6504161135254924
rh_lateraloccipital_FW,0.32233009708737864,0.00023662297518384142,1.7280440357855788e-05,0.6918469831356133,0.36538444200810544,0.40156474938737596,0.05404267937490433,0.05048736547945596,3.6259430893313565
rh_middletemporal_FW,0.32205270457697643,0.00023705510386105974,3.7766657686524155e-07,0.7773128381459705,0.3732350892141026,0.41208702586931156,0.053111945224110196,0.04664328012282963,3.6251506897656838
rh_medialorbitofrontal_PF,0.3219140083217753,0.00024366389313431062,4.668355794935488e-05,0.6804021021534558,0.33176593678217964,0.37093842640774866,0.05832664712858071,0.056808460198296405,3.6132088211406788
lh_precentral_PF,0.3217753120665742,0.0002441202463168311,2.140579826063383e-06,0.7077722264505668,0.35204843936807406,0.38403219664354704,0.04679213304196122,0.0435275607414207,3.6123962005129764
lh_middletemporal_MK,0.3213592233009709,0.0002508815465860156,1.0504413610409593e-06,0.8566078470653443,0.9229555270872573,1.0348935487623099,0.13944982227196842,0.12126887953963525,3.600531281732813
rh_inferiortemporal_MD,0.32122052704576975,0.00025191485108708135,0.00034783324377448717,0.6150594856076703,1.036531781737942,1.1357777108351164,0.15408957898643535,0.1683164517044978,3.598746228869292
rh_cuneus_FA,0.32066574202496534,0.0002601126359585005,0.0003201267037686274,0.5232621695266962,0.5180770615336207,0.432308022479269,0.14751399621277278,0.17881281157698864,3.5848385497889232
rh_inferiortemporal_MK,0.32066574202496534,0.0002601126359585005,0.0002314558000574816,0.6598888766753429,1.035896167066633,1.1376306405463024,0.13892031191009738,0.16803978409688883,3.5848385497889232
rh_bankssts_MD,0.32011095700416087,0.00026873238029179105,7.4683264810173506e-06,0.7413821225978935,0.9940820195349528,1.1030125325726199,0.15311063282920187,0.14047554828306863,3.570680001096441
lh_bankssts_PF,0.3191400832177531,0.0002813538295598352,0.0011966302428924574,0.5035111588045434,0.3403899614017465,0.3647872316307211,0.04963040821295867,0.04724888264053737,3.5507471692059696
lh_inferiorparietal_PF,0.3185852981969487,0.00028948060399564446,0.00010994984321966704,0.6219833438657343,0.35404257641780046,0.38090371570308784,0.044576097703268494,0.04175019730320805,3.5383805298980575
rh_frontalpole_FW,0.3185852981969487,0.00028948060399564446,0.0004006104714772065,0.5025222023164632,0.35962606157243043,0.3913773246061738,0.0649517196544606,0.06136497074384169,3.5383805298980575
lh_entorhinal_PF,0.31789181692094315,0.00030546758028725235,2.0987985541441538e-05,0.6922401397353437,0.34047706965897845,0.37583235465486303,0.05288455854518457,0.0491962901622691,3.5150348752724065
lh_posteriorcingulate_PF,0.31789181692094315,0.00030546758028725235,8.627035997724583e-05,0.6406089289925782,0.3381050072853028,0.37333175519173106,0.056807504749258574,0.053109244564151704,3.5150348752724065
rh_superiorfrontal_FW,0.3155339805825243,0.0003460996706287717,1.3049895354563867e-05,0.6700341535869858,0.3681191376395045,0.40500771400203944,0.058121996475115296,0.05180626383746717,3.460798814008892
lh_rostralanteriorcingulate_PF,0.31400832177531207,0.0003731684142858526,4.3679409186958446e-05,0.6564598534166011,0.33558789684329643,0.37318057930706783,0.05745238841892457,0.05707855208366148,3.428095122915578
rh_parstriangularis_FW,0.31400832177531207,0.0003731684142858526,0.00036038097577869427,0.5731584551568666,0.3716645883867877,0.4020131651471403,0.055536355187171045,0.050230049337155046,3.428095122915578
lh_parstriangularis_PF,0.31400832177531207,0.0003731684142858526,1.1987040476714156e-05,0.6968299097268663,0.3443737218357807,0.3779423605649381,0.0495353487286605,0.046771728936166414,3.428095122915578
lh_rostralmiddlefrontal_PF,0.3133148404993065,0.00039302162125114814,7.107152209597115e-05,0.6297777195769189,0.33552921669444097,0.3705866632027475,0.05645782286291331,0.05486352334386385,3.4055835571773074
rh_entorhinal_FW,0.3128987517337032,0.00039466301768414843,8.089192777123849e-05,0.6435986625203225,0.36523026898489935,0.4017255981537247,0.05865539913573521,0.054685298009947265,3.403773567722031
lh_inferiortemporal_PF,0.31109570041608875,0.0004404252152277183,0.00035196969198573753,0.5764675676535166,0.34232332432596563,0.3712823797685593,0.053210239297545946,0.047072848879900694,3.356127824757567
lh_parsorbitalis_PF,0.3104022191400832,0.00045838630417719046,1.8939732966094545e-06,0.7424892543998162,0.34014960703175057,0.3775040598607804,0.04991391279956248,0.05070250782979805,3.3387683668459216
lh_fusiform_PF,0.3098474341192788,0.000473264981807565,1.4128320958933262e-06,0.7562195998792206,0.33784410098844714,0.37503281850100445,0.05019411003077663,0.048138691443027695,3.324895628999945
lh_parsopercularis_FW,0.30943134535367545,0.00047909927481584817,8.407965209136758e-05,0.6003223346682862,0.3722186133238636,0.40529251610053774,0.056943721200980485,0.05317909680886979,3.3195744865071517
lh_inferiortemporal_MD,0.307628294036061,0.0005335806437543242,0.0061113711038440766,0.39008179479605515,1.0522992646911227,1.1045730438768617,0.1313613405550619,0.13660187181028532,3.2727999333328115
lh_rostralmiddlefrontal_FW,0.30360610263522886,0.0006620003113522644,0.000554217197660614,0.5549201062983549,0.35827818770484793,0.39231375027589144,0.06218887980337907,0.060467374310775486,3.179141806302689
rh_medialorbitofrontal_FW,0.30249653259361997,0.0006997057713313825,0.000225904208107935,0.628332753610567,0.35478745375842313,0.39336186556488434,0.062182610136192154,0.060590453462064583,3.1550845439140196
lh_lateralorbitofrontal_MD,0.30194174757281556,0.0007187768009326484,0.0006142370306667756,0.5666935882661397,1.1638016622025715,1.235142364736685,0.12503516818887903,0.1267378277520119,3.143405948521226
rh_caudalmiddlefrontal_PF,0.30194174757281556,0.0007187768009326484,3.978030273125643e-05,0.6714084003866831,0.35047061399748997,0.38228188204958974,0.05031235360767977,0.04425356918241276,3.143405948521226
lh_paracentral_FA,0.30194174757281556,0.0007187768009326484,0.0006003988056692378,0.5382684045259011,0.5426733125983487,0.4713026149581624,0.12752828647010425,0.13747151496042107,3.143405948521226
lh_transversetemporal_PF,0.29916782246879337,0.0008238148003898631,0.0008325389729322939,0.5354577422422118,0.33764024466048453,0.3662924433828687,0.05528913135001416,0.051669083284654145,3.0841704099155227
lh_posteriorcingulate_FW,0.2984743411927878,0.0008654951530922644,0.0003356950923267225,0.5818637979790008,0.3584389114289339,0.39265876488437473,0.0607300991760448,0.05682663596448409,3.0627353598985563
lh_temporalpole_MK,0.29791955617198335,0.0008891917880738154,7.681903396933064e-05,0.6928167161139721,0.964408854204438,1.1009662236030886,0.19861951264761074,0.19557797584484293,3.0510045567812973
rh_rostralanteriorcingulate_FW,0.2966712898751734,0.0009448214770486788,3.431322890931852e-05,0.6275063777355644,0.36550499524964386,0.4023260254339451,0.060590355582389364,0.05670187900567416,3.024650243191201
lh_middletemporal_MD,0.29625520110957004,0.0009630497080600891,4.5459114196754605e-05,0.6873703977264832,0.9250538671728219,1.019155650326244,0.14867781845746636,0.12401106512561677,3.0163512960747805
rh_superiorfrontal_MD,0.2950069348127601,0.0010346445466807054,0.0006650425858776778,0.5481445369203045,1.119488554401834,1.1773953219545805,0.09242436195924437,0.11737954162678295,2.9852088269503927
rh_cuneus_KFA,0.2950069348127601,0.0010346445466807054,0.00028409790074887314,0.5415593402399645,0.5167603373444809,0.43052622694488923,0.14755283252012694,0.17011304698704025,2.9852088269503927
rh_lingual_FW,0.29459084604715674,0.0010445331022045125,0.0005478966685919335,0.5906353641598548,0.36457010772796006,0.39641093803232,0.05663403478857664,0.051039638298942085,2.9810777922782536
lh_lateralorbitofrontal_PF,0.29459084604715674,0.0010445331022045125,0.0011582758545968038,0.5349947213587994,0.3445201086061513,0.37244071968554154,0.053355708994928794,0.05099473134323083,2.9810777922782536
rh_precuneus_FW,0.2944521497919556,0.0010654367866615305,0.0002980364994913945,0.5844697148287091,0.3706366086534846,0.40276883336619623,0.05557646036978675,0.05437035361556783,2.9724723122740175
rh_superiorfrontal_MK,0.2944521497919556,0.0010654367866615305,0.0009302437241395837,0.5601264932747583,1.1230407395879918,1.179852387260056,0.09109654082342297,0.110797446038377,2.9724723122740175
rh_supramarginal_FW,0.2944521497919556,0.0010654367866615305,3.431322890931852e-05,0.6381654491353387,0.372484717309324,0.4046489815779703,0.05252263945337678,0.04818632148935452,2.9724723122740175
rh_superiortemporal_FW,0.29403606102635227,0.001072422554166043,7.485605396230822e-05,0.6255675091364046,0.3701906428538467,0.40316643761128856,0.05616124841399134,0.04902367536154911,2.969634060926705
lh_frontalpole_FW,0.29056865464632453,0.001284364637482072,0.0031884396526230298,0.4756577266458927,0.3661242516589317,0.3955879788996273,0.06478814955584321,0.05896098526254851,2.891311660406861
lh_frontalpole_PF,0.29056865464632453,0.001284364637482072,0.0008608018187232143,0.5281047126261367,0.3430318420904845,0.37331948600984516,0.059995608645201766,0.0545796321369916,2.891311660406861
rh_parahippocampal_PF,0.2900138696255201,0.001319090078883276,0.000796193229537953,0.5322812888442534,0.3386399452474088,0.36872854708777736,0.057896342161287855,0.05512495223062341,2.8797255460562425
lh_parstriangularis_FW,0.2900138696255201,0.001319090078883276,0.0005935890293769352,0.5394588646468811,0.36615097332022506,0.3967973636674968,0.058394717010878394,0.05517876800114925,2.8797255460562425
rh_temporalpole_PF,0.2900138696255201,0.001319090078883276,8.51683503886605e-05,0.6400777217732166,0.34846570209302863,0.37927201993383236,0.05033341288536616,0.04581870789756862,2.8797255460562425
lh_superiorfrontal_PF,0.28932038834951457,0.00138180113107651,0.00028072712425175237,0.5724071118777297,0.34471626523731375,0.3761270055943953,0.056821301845800753,0.05285671759917249,2.8595544561592274
lh_rostralanteriorcingulate_FW,0.28876560332871015,0.0014193524214664718,0.00016831676594101738,0.6066836087739942,0.3585373689940045,0.3955488130007607,0.061188700860901245,0.0608230934594326,2.847909756977282
lh_superiorfrontal_MK,0.2871012482662968,0.001533037247230133,0.0004882811904467598,0.5685374351161757,1.136480184133915,1.1868118823492242,0.08846435797045658,0.08859235616815735,2.8144472932408635
lh_lingual_PF,0.2865464632454924,0.0015736376033442627,0.0002099847345798248,0.6208488489145003,0.3369942649899955,0.37146188720900836,0.05814942656022169,0.052753229963928595,2.8030952751465534
rh_inferiorparietal_FW,0.2854368932038835,0.0016591748933133135,2.4087431077720932e-05,0.6567863411875499,0.3716704665096251,0.40457873807516664,0.05225365430886617,0.047859954052883784,2.780107832663077
rh_paracentral_FA,0.2854368932038835,0.0016591748933133135,0.0003052361604279134,0.5437575492880021,0.6155212221608714,0.5415742113964245,0.1357464696280879,0.13623831459341346,2.780107832663077
lh_parahippocampal_PF,0.2837725381414702,0.001791219622094119,0.00013452097495765972,0.5840043862843828,0.33914264342435824,0.3726394910238317,0.05777726172329386,0.0569340088172946,2.7468511618807216
lh_cuneus_FA,0.2823855755894591,0.0019375190222983985,0.012186603404118038,0.4115793895123644,0.5628322824924596,0.4981238974414465,0.13959126806557554,0.17306166903169934,2.7127540249565305
lh_inferiortemporal_FW,0.28196948682385575,0.0019731365652413835,0.004678964499609567,0.4637239175265013,0.36432415691439235,0.39060877609898265,0.06001522513997179,0.05313927960720193,2.704842855204863
rh_posteriorcingulate_PF,0.28196948682385575,0.0019731365652413835,0.002659030573759986,0.49144067264870933,0.3341062347005419,0.36230567510162887,0.058241059022928865,0.0565081959280492,2.704842855204863
lh_isthmuscingulate_PF,0.2818307905686546,0.0019933406863597123,0.00047161220948835206,0.5548009735356368,0.3346576056922203,0.36683715067863865,0.05745870912924694,0.05854017370720291,2.7004184687047172
rh_caudalanteriorcingulate_PF,0.28085991678224687,0.0020786984021783084,0.00013966952239461683,0.6171048469900394,0.3335331517940743,0.36835784496431595,0.05649573115944517,0.056368950974942336,2.682208517773556
lh_entorhinal_FW,0.28030513176144245,0.0021330993397519,0.0002980364994913945,0.5845569301818616,0.3622318423096595,0.3958384138995947,0.05951655621931923,0.05539074475760334,2.6709889187177174
lh_caudalmiddlefrontal_PF,0.28030513176144245,0.0021330993397519,0.0019726348012147946,0.5096444317515508,0.3486526155743408,0.3747885238282492,0.05244150328031217,0.05009696186632902,2.6709889187177174
rh_transversetemporal_FW,0.2796116504854369,0.0022301321406669786,0.00021517030391144065,0.600357161806332,0.3646378378064184,0.39934097377509614,0.05971857742215552,0.0558241097627067,2.6516694032019363
rh_superiorparietal_PF,0.27919556171983356,0.00224259745851057,0.000274070844062993,0.5604605326925767,0.34943146232133054,0.37536073210243714,0.047373300593865054,0.04512789188277144,2.649248674360281
lh_supramarginal_FW,0.278502080443828,0.0023456415429382515,0.0009615643926986229,0.5349760434379838,0.36822647622000537,0.39671284845825494,0.05451927222236475,0.05194550197280396,2.629738355314428
lh_isthmuscingulate_MK,0.27725381414701805,0.0024871636849045755,0.000621266902773244,0.5698812832074075,1.1387340912072972,1.2171132584762423,0.13332902784946055,0.14161796810002608,2.6042956320555253
lh_lingual_FW,0.2768377253814147,0.0025282854484771694,0.0012768823719425716,0.5495402077732535,0.35913772428814156,0.39229885781833806,0.06318462591461853,0.05736164946266131,2.597173894907025
lh_lateralorbitofrontal_FW,0.27628294036061024,0.0025941552714358416,0.009336576380802267,0.4427517114957325,0.366877493745206,0.39309597535170715,0.060512135435598934,0.05789314526538299,2.5860040330670317
rh_rostralmiddlefrontal_KFA,0.27628294036061024,0.0025941552714358416,0.004043544032408053,0.43777239136852436,0.6714060574394459,0.622702631422057,0.10339652048503664,0.118589850498623,2.5860040330670317
rh_caudalmiddlefrontal_FW,0.2757281553398058,0.0026614240186290743,0.0019318950009753397,0.5319194401820633,0.3719229354208657,0.40163284084826145,0.059294119238843306,0.052187914344719914,2.574885928048864
lh_precuneus_FW,0.2751733703190014,0.002729079808184184,0.0006958016459185,0.5329065325237262,0.37092348968414646,0.39979657741617886,0.05670593554694503,0.05153123138329284,2.563983763799799
lh_lateraloccipital_FA,0.2750346740638003,0.002778857303043361,0.0017765435135882952,0.47868431455559546,0.5711054823371752,0.4912448967884513,0.15365934557484376,0.17904090947520737,2.556133754083369
lh_lateraloccipital_KFA,0.27447988904299586,0.0028508791371972824,0.0006725776116379765,0.5258615769572332,0.5784735283202804,0.4911521776313016,0.151119438780536,0.1797517500752237,2.5450211941815706
rh_rostralmiddlefrontal_FW,0.27447988904299586,0.0028508791371972824,0.00038675635099627895,0.577201911958818,0.37380113691072586,0.40616018454747765,0.058308541694520856,0.05372142776320326,2.5450211941815706
lh_postcentral_FA,0.2739251040221914,0.002922129905065826,0.02147778704845803,0.300971835521228,0.4939447569531269,0.45459974102779777,0.12574723683823094,0.13552307915907202,2.5343004811466865
rh_caudalmiddlefrontal_KFA,0.273370319001387,0.002993918780819943,0.004245962396145153,0.47934695916665676,0.6693952438815672,0.6111635059548086,0.11687114855117277,0.125922968300328,2.523759985395827
rh_posteriorcingulate_FW,0.2722607489597781,0.0031447555358185882,0.0071630335517419265,0.44135639850026603,0.35756258994332285,0.38473056928576765,0.062458832515784664,0.060639013618336644,2.502413109700924
lh_cuneus_PF,0.2711511789181692,0.0033076174665611223,0.004816381264264415,0.4509817775192573,0.3487247844764503,0.3729985205051436,0.05522638662024402,0.052384506221461506,2.4804847233540914
rh_caudalanteriorcingulate_FW,0.2711511789181692,0.0033076174665611223,0.0005054983032739789,0.5626900093221898,0.35583243225016953,0.3898598278550851,0.06053663918837623,0.060408733976381156,2.4804847233540914
rh_parsopercularis_FW,0.2705963938973648,0.0033910671955315256,0.0031884396526230298,0.49197515272255604,0.372149054837165,0.3999436049965681,0.05939979449099765,0.05343430158923273,2.4696636043948965
lh_inferiorparietal_FW,0.2705963938973648,0.0033910671955315256,0.010212501461106561,0.44606650415324345,0.3761739086380442,0.39952782189697256,0.05401454175634517,0.050641573339910456,2.4696636043948965
lh_transversetemporal_FW,0.2700416088765603,0.0034746836823688707,0.003926425993699988,0.4630738015079964,0.36052277718243153,0.387674966214993,0.06055090876793173,0.05665369633745091,2.4590847252478243
rh_bankssts_FW,0.2700416088765603,0.0034746836823688707,0.0010968676307012563,0.5369738017432457,0.3641377032242341,0.39384806621482715,0.059583519823313905,0.050719406038069036,2.4590847252478243
lh_middletemporal_PF,0.2694868238557559,0.0035589808983642894,0.00010856412524429204,0.5943694248862553,0.34909064731629363,0.37737111212636393,0.04868803957768562,0.04644680077072542,2.4486743429197975
rh_paracentral_KFA,0.2675450762829404,0.003934071833667327,0.0011708784186428053,0.5069630037984244,0.6136660828338835,0.5441539395143371,0.13504148394127694,0.1391572773451259,2.4051577144012994
lh_cuneus_KFA,0.2675450762829404,0.003934071833667327,0.010303643007487805,0.4343432664895531,0.5634402829316227,0.4977612071865278,0.13281173402576993,0.167609065945131,2.4051577144012994
lh_temporalpole_PF,0.26712898751733705,0.003994280400612281,0.0017765435135882952,0.5289858919759293,0.344277933698352,0.37204545484654283,0.055014483475317524,0.049841992716276845,2.3985614506911173
rh_paracentral_PF,0.26712898751733705,0.003994280400612281,0.00012475450644944462,0.6296619279469328,0.347172634728179,0.3775662166943935,0.050038754960109705,0.046433260600948996,2.3985614506911173
lh_precentral_FW,0.2665742024965326,0.004094853723984934,0.00047161220948835206,0.5327698120511907,0.3723708925862325,0.4014786295172741,0.05655083608601709,0.05264894341474746,2.3877616074568753
rh_parahippocampal_FW,0.2665742024965326,0.004094853723984934,0.0026054604755972387,0.47263971209301836,0.3618157958277899,0.39055140551793094,0.06225505745768339,0.05930541750480991,2.3877616074568753
lh_parsorbitalis_FW,0.265880721220527,0.004263970255200098,5.399665411375469e-05,0.6200886945842682,0.3623789446101051,0.3981622799957356,0.05725279544433731,0.05815726401423839,2.370185833542347
lh_postcentral_PF,0.26490984743411927,0.0044030034217010985,0.010582873180655105,0.4533730320315798,0.3399256648825139,0.36305051728394716,0.052143203005779695,0.049843343007863083,2.356250977037561
lh_parahippocampal_FW,0.26435506241331486,0.004507989473935104,0.0005416433409193964,0.5198689530303238,0.3623061048636744,0.39461167944734943,0.06257818446969644,0.06170225987723113,2.3460171066936413
lh_paracentral_PF,0.2638002773925104,0.004616818062092192,0.003737859675496998,0.45962234316949535,0.3469422510169564,0.3693686557521172,0.05135090092611407,0.04609360741820701,2.3356572396325883
lh_isthmuscingulate_FW,0.2624133148404993,0.004981982145357678,0.0018919290756429694,0.5016440480353229,0.35722559672068177,0.38833000053729994,0.061411450033644,0.062592782023974,2.3025978332400046
lh_pericalcarine_PF,0.26199722607489595,0.0050502369764966895,0.0029720830417187404,0.5006058323442443,0.3395248832828373,0.36750661286984754,0.059307543209740556,0.052261659891978875,2.2966882426397204
rh_cuneus_PF,0.26199722607489595,0.0050502369764966895,0.01229363795202107,0.409601999342371,0.347758688731621,0.3696147937153115,0.056191614318024004,0.05036811883808314,2.2966882426397204
rh_rostralmiddlefrontal_FA,0.26199722607489595,0.0050502369764966895,0.00348768453294592,0.455900170429261,0.6746403903579175,0.6229625132869681,0.10767469512410192,0.11876105873741022,2.2966882426397204
lh_bankssts_FW,0.2608876560332871,0.005300205600536712,0.01012173066578199,0.405640980709129,0.3629124245494251,0.3849091993104125,0.055519124995508005,0.0529037360809355,2.275707283333796
rh_paracentral_FW,0.2574202496532594,0.006205333953989203,0.0066493849699332955,0.484107439117398,0.36836818723413783,0.39574792079505294,0.05861773035748032,0.0544185858817175,2.207234841002967
lh_cuneus_FW,0.2568654646324549,0.006355630478530365,0.02200971961926455,0.3699990687368746,0.37047827285301,0.3927986353466924,0.0618698469295813,0.058740474063323445,2.1968413609612547
lh_postcentral_KFA,0.25617198335644936,0.006606785553358937,0.026905251419113745,0.31231525730685894,0.4910295681179681,0.4513519035584592,0.12007284726399806,0.13365133788863584,2.1800097895295574
lh_superiorfrontal_FW,0.2550624133148405,0.006929988053305037,0.0017213097011772498,0.5082983177303433,0.36748780289659216,0.39798561985781156,0.06211414623978468,0.057808252620963944,2.1592675140733553
lh_lateraloccipital_PF,0.2540915395284327,0.007136945722721497,0.010868443306333802,0.3963900569316346,0.34700981875303694,0.36734748655513305,0.05243964447570595,0.05014920972672263,2.1464876060891105
rh_temporalpole_FW,0.25339805825242717,0.007422514753854307,0.0027412751678874783,0.5024628610530663,0.3690833044699997,0.3973079782939369,0.05872344450441832,0.053500390637949764,2.1294489304767956
lh_temporalpole_FW,0.25339805825242717,0.007422514753854307,0.00994234148124398,0.44050747127689716,0.3674811484945883,0.39347426465175994,0.06182461181890319,0.05604835999896727,2.1294489304767956
rh_cuneus_FW,0.2522884882108183,0.007776716083416287,0.042315188124679354,0.343671373397394,0.36970592665402285,0.38981924848532673,0.06160982475110426,0.05526798249606758,2.1092037562147885
rh_postcentral_FW,0.2522884882108183,0.007776716083416287,0.034787860869255546,0.36516799273903344,0.36497436382246945,0.3857665640680133,0.05961212277804763,0.05413346314275511,2.1092037562147885
rh_postcentral_PF,0.2522884882108183,0.007776716083416287,0.004910010447768774,0.4670237968624315,0.3434960139447269,0.36680337958943154,0.05227386606407013,0.047420386971786015,2.1092037562147885
lh_pericalcarine_FW,0.2522884882108183,0.007776716083416287,0.007364640394229904,0.45976580554695556,0.3627816943307201,0.3900455771386822,0.06290811656687884,0.055456563977461765,2.1092037562147885
lh_caudalmiddlefrontal_FW,0.25117891816920945,0.008145688831024702,0.01187043783443933,0.41796217269795893,0.3704964030748832,0.3950043712420917,0.05994095509998536,0.057302990188936004,2.0890721841776005
lh_MeanThickness_FW,0.250624133148405,0.008332406864883663,0.003252840171526235,0.48619379329283263,0.3705922865565828,0.39729382338291824,0.05694067187663635,0.052821117325625534,2.0792295319480383
rh_pericalcarine_KFA,0.24993065187239943,0.00866055791453525,0.016744582438455616,0.46645424344176306,0.45715379326636385,0.3832728653287987,0.15930997731117424,0.15746137145301786,2.062454129761015
rh_pericalcarine_PF,0.2477115117891817,0.00948042105639296,0.006345465612780026,0.4724521060293393,0.344439562224402,0.37142013898941345,0.06016011247183382,0.05388230452428662,2.0231723738004135
rh_pericalcarine_FW,0.2477115117891817,0.00948042105639296,0.011663722418996096,0.4423667027102345,0.3665911903119521,0.39308767753588053,0.06310066643846357,0.056512242572149915,2.0231723738004135
rh_superiorparietal_FW,0.24660194174757283,0.009922933887858077,0.00837437516231699,0.41825353319367947,0.3719887594082916,0.3948735449759729,0.0559961378426231,0.053403349693599424,2.0033599021479107
lh_fusiform_FW,0.24590846047156728,0.010301299248909582,0.00018349832104650677,0.5867068636940592,0.36016575861831507,0.394095206390686,0.05900226647148724,0.056634134594842796,1.9871079965523823
lh_superiorparietal_PF,0.2449375866851595,0.010609048323684358,0.003453216646209605,0.46094707417410613,0.3491391579211563,0.3718576472188863,0.05041573040375026,0.04813087796449619,1.9743235723955124
rh_postcentral_FA,0.24299583911234396,0.011639085624627876,0.0026054604755972387,0.4430470811630446,0.4795672587445799,0.42121031719715546,0.13242050002518788,0.13101021777272717,1.934081136849073
lh_postcentral_FW,0.24147018030513176,0.01231100762946335,0.034787860869255546,0.3787375822081731,0.3630956883188066,0.3844204751846546,0.0575290827897077,0.05505353065687814,1.9097063995458068
rh_parsorbitalis_KFA,0.24133148404993066,0.012487273280634745,0.08578865552930799,0.33596696829332706,0.6751874109001637,0.6433504511602675,0.08009068057514929,0.10744869234591597,1.9035323837600044
lh_inferiorparietal_FA,0.24022191400832177,0.013054553271396638,0.014123094680926339,0.4414345809418908,0.6962934750152141,0.6401234216570065,0.10893840968938308,0.14322942677338174,1.884237985203493
lh_superiorfrontal_MD,0.23800277392510402,0.014244502421293947,0.001993299082943092,0.5030707174052829,1.1376654020503596,1.1842795800167565,0.09278324671492491,0.09253517707751714,1.8463527166218057
rh_caudalmiddlefrontal_FA,0.23800277392510402,0.014244502421293947,0.008222929874811847,0.43999020168015424,0.6709347783138555,0.6158736932060449,0.11893177790232308,0.1310575468805594,1.8463527166218057
lh_middletemporal_FW,0.23800277392510402,0.014244502421293947,0.005666375807881887,0.4497475150011299,0.36993489890648024,0.3952251677477929,0.05751608546308499,0.054918201517904996,1.8463527166218057
lh_bankssts_FA,0.23730929264909847,0.014742720122083877,0.01096514406997488,0.44912746492664823,0.5488234386610428,0.49096899821877243,0.1261633046654956,0.131413575112866,1.8314223790941484
lh_caudalmiddlefrontal_KFA,0.23689320388349513,0.014879104190552203,0.0019725751908663794,0.5465859194143993,0.6047421064480448,0.5308884966318276,0.11903856487848041,0.14947769507459646,1.827423215081214
rh_pericalcarine_MK,0.23453536754507628,0.016449638400519162,0.00892427376756983,0.44076489854252954,1.1456072239113622,1.1930501266434124,0.11826422961115908,0.09583999231825854,1.7838436443635646
lh_superiorparietal_KFA,0.23398058252427184,0.01680464907868047,0.002741072379113698,0.5189034704539636,0.6514492053825994,0.5796079635813474,0.12110964423548833,0.15384489570176646,1.7745705522087207
lh_bankssts_KFA,0.23384188626907074,0.016956746790339896,0.009336535407821044,0.47066648919889503,0.5512196542829142,0.4910645552139057,0.1248819212204151,0.13066922123900201,1.7706574649640532
lh_inferiorparietal_KFA,0.23273231622746185,0.017744191008496397,0.011359350982600588,0.4504881810999811,0.6944568915118307,0.6390839372583504,0.10675154367457695,0.13719187835027685,1.7509437961785999
rh_temporalpole_KFA,0.23231622746185854,0.017915648468087252,0.020785976971942625,0.37665921535572333,0.6944167765298609,0.641389069004975,0.13610059903639574,0.14531713768916707,1.746767467653321
rh_postcentral_KFA,0.23106796116504855,0.018947688561736346,0.007096608564965631,0.4089726945188678,0.4745466981067236,0.42218011696763197,0.130481614957713,0.12555947604204395,1.7224437622716584
rh_parstriangularis_KFA,0.2292649098474341,0.020356485604309985,0.003926300981294562,0.42863564671799054,0.6829854058381769,0.6341952903646259,0.10895830256075043,0.11849495257788993,1.6912971975729254
lh_paracentral_FW,0.2277392510402219,0.021492266284009832,0.031719123091381696,0.34709074880488866,0.36711519271618137,0.3866138733390388,0.05912112077518676,0.05307079865323302,1.6677177872658377
lh_superiorparietal_FA,0.22704576976421637,0.02222008661675175,0.005559795033322003,0.49082926583077574,0.6507969701754883,0.5811057872296418,0.122228723149515,0.15931269059172254,1.653254252456177
lh_isthmuscingulate_MD,0.22593619972260748,0.023180673368948895,0.004910010447768774,0.4683248664192101,1.146096907575143,1.21206740702716,0.13884365105200713,0.14285740206639597,1.6348739524892806
lh_superiorparietal_FW,0.22552011095700417,0.02336560582970222,0.020113672243659078,0.3670478735240949,0.37259084888625416,0.3930696145742714,0.05706012310136071,0.05449677759877183,1.6314229539897367
lh_pericalcarine_KFA,0.22468793342579751,0.02434842282872812,0.005351857124997099,0.39089458333539,0.4576261085058977,0.40156415760201347,0.14041284653144498,0.14636462973900075,1.6135291650022825
lh_precentral_FA,0.22468793342579751,0.02434842282872812,0.007641363991471338,0.494866623760135,0.6431011680047658,0.5791019403921889,0.1024991901928726,0.1514742751249198,1.6135291650022825
rh_lateralorbitofrontal_MK,0.22427184466019418,0.02466620757732696,0.018515242669460287,0.4047752448871835,1.1809209234934974,1.2299111759299792,0.13073138095487633,0.11048163684767517,1.6078976180355387
rh_temporalpole_FA,0.2231622746185853,0.025689133469334314,0.03986459810351451,0.357544798000919,0.6897791388965386,0.6391588472742372,0.13957386632624344,0.14355313210667814,1.5902505448513455
lh_precentral_KFA,0.22302357836338418,0.025975467803474005,0.0057746547371889225,0.4997649716314272,0.6402464837322734,0.5776315618302532,0.10153888782142331,0.14520464629978871,1.5854366223025298
rh_superiorparietal_FA,0.2217753120665742,0.02715231664033641,0.007501858085841488,0.5184100506275322,0.6740927582147975,0.6032182457238099,0.11988639049116193,0.15168824202162873,1.5661931104142521
lh_lateralorbitofrontal_MK,0.2217753120665742,0.02715231664033641,0.0035929750634362267,0.5156182604229992,1.1695709161340635,1.2316343050180205,0.11996799674326952,0.12076455248411935,1.5661931104142521
lh_pericalcarine_FA,0.220249653259362,0.028816373897392732,0.011160842048413196,0.3670196206081213,0.4562345790365697,0.4022542996047148,0.14501141587144645,0.14911469755529821,1.5403606694426084
lh_caudalmiddlefrontal_FA,0.21692094313453536,0.03248159683450288,0.00271360559443382,0.5331005320417131,0.6050700736828181,0.5321037566222523,0.12096968099991348,0.15110923259909137,1.4883626284651519
lh_lateraloccipital_FW,0.21400832177531207,0.036308285199579925,0.03373791392579929,0.31981220667798,0.3693438368538579,0.3874740335734978,0.05792980276733312,0.055422743019295624,1.439994261854006
rh_pericalcarine_MD,0.21220527045769763,0.03892313419543859,0.007229678548586792,0.46648124650919653,1.1375157820621566,1.1906873302648922,0.11993478754340486,0.10770560646211474,1.4097921964360487
lh_parahippocampal_MK,0.20929264909847434,0.04332319611255264,0.00916961794601106,0.40106016272839656,1.089127707939275,1.1605922566067215,0.18164829392900894,0.17466140573412578,1.363279511353205
rh_superiorfrontal_KFA,0.2072122052704577,0.04632610479655412,0.0581810291264702,0.3113902136152592,0.6720137685927801,0.6375331064204838,0.10294071203993817,0.11800880664655602,1.3341742147219464
rh_posteriorcingulate_KFA,0.20499306518723995,0.050079828765044396,0.054974721160494816,0.33152176318649945,0.46175491132808755,0.40837190161796055,0.1704422778513286,0.15101980957465727,1.3003371647521689
rh_inferiorparietal_FA,0.20485436893203884,0.05058262965330831,0.020279944526422334,0.4103627815085155,0.7472793878334177,0.702839922643197,0.08472099301958741,0.12758194318740207,1.2959985966160759
rh_isthmuscingulate_KFA,0.20263522884882107,0.054462534329709746,0.08029594268011819,0.28545280422100355,0.578255091490909,0.5434696361597029,0.12225286374597606,0.12146710700600852,1.2639021533045476
rh_lateralorbitofrontal_MD,0.19916782246879333,0.06152267531526422,0.06827446286025964,0.3710267705201536,1.180686386824208,1.228913082590629,0.13763619412686512,0.12184732367738453,1.2109647874882548
lh_superiorfrontal_KFA,0.19861303744798892,0.06263267194235354,0.059422522853713855,0.3104356764962168,0.5578247098539652,0.5096164946551347,0.15127969883105863,0.15920345327537744,1.2031990606750627
rh_superiorparietal_KFA,0.19833564493758668,0.06335037560073108,0.003701109243522867,0.5583594136514584,0.6764143914320265,0.6009971219759479,0.11679280765966724,0.15115199049655043,1.1982508058659174
lh_parsopercularis_FA,0.19736477115117892,0.06565296222729335,0.11017246561834158,0.3255494603863003,0.6672835991182597,0.6237330434175159,0.11794984170122481,0.1479176339364187,1.182745673992711
rh_parstriangularis_FA,0.19583911234396673,0.06878042280984772,0.011359636042788319,0.40268804449006546,0.6813502558866192,0.6349829512272978,0.11146674945527445,0.1187083205609862,1.1625351587928747
rh_precentral_FA,0.19514563106796118,0.07067348820059827,0.0781816304477056,0.3432102267775012,0.7776910913921508,0.7401378110527846,0.089564809028737,0.1261848631397043,1.1507434728725465
rh_lateraloccipital_FA,0.1938973647711512,0.0738099667676273,0.0266933175299628,0.3521762093087536,0.7064440692427842,0.6684604384021942,0.10110087475640767,0.1142086063250547,1.131884990210506
rh_pericalcarine_FA,0.19334257975034674,0.07515193551884798,0.015648850004954855,0.4721790103740354,0.4621133568232626,0.3855367309165721,0.163371497593044,0.1609738546126689,1.124059829789905
lh_superiorfrontal_FA,0.19056865464632455,0.08232367881981957,0.07976379817615731,0.29114097990950805,0.5584827838338378,0.512533032182641,0.15337651073006436,0.16215434626248545,1.0844752303805991
lh_middletemporal_KFA,0.18723994452149792,0.09140134024368557,0.05615999204285776,0.35301547272355527,0.6296259030062389,0.5777027849407649,0.13879637037548065,0.15492995448389604,1.0390474360367423
lh_pericalcarine_MK,0.1796116504854369,0.11681063350847269,0.07161739145400794,0.272006330565034,1.1569283390523122,1.1865642416880757,0.10735646104684186,0.11052645712851204,0.932517620718052
rh_parsorbitalis_FA,0.17905686546463245,0.1187505289707041,0.11086311313297051,0.31831225542388164,0.6735511924009728,0.6434362774941919,0.08195868015083152,0.10575517295833989,0.9253644471469171
lh_lateralorbitofrontal_FA,0.1786407766990291,0.11982062523464886,0.09217854877646707,0.277447385476575,0.5542201555510877,0.512172863261827,0.15010991188365874,0.152977539111682,0.9214684185526189
lh_MeanThickness_KFA,0.1783633841886269,0.12125703331912237,0.0238664489088095,0.42205603282960535,0.618298305429329,0.5625859645822746,0.11891474211367994,0.14390436311031615,0.9162930614424327
rh_parsopercularis_KFA,0.17628294036061026,0.12930977026280505,0.08029594268011819,0.28698954403197374,0.6566302605608796,0.6134512244156367,0.14549236872139393,0.15525925301514906,0.888368659876619
lh_middletemporal_FA,0.17406380027739252,0.13770601104568336,0.07161755582269558,0.3582725840617152,0.6295355338320611,0.5762642341759886,0.1417845866456944,0.1552873038288731,0.8610471018128463
lh_MeanThickness_FA,0.17406380027739252,0.13770601104568336,0.02544821133517901,0.409745383483218,0.6194267374612807,0.5645385265378575,0.12497045041569389,0.14237722777597592,0.8610471018128463
lh_parsopercularis_KFA,0.17337031900138697,0.14111157762323862,0.10811906542151624,0.33281280546641573,0.6673780314024353,0.6239442886754956,0.11484207521545083,0.144479824376077,0.8504373527118954
rh_lateraloccipital_KFA,0.16990291262135923,0.15637283647501282,0.020956934584122313,0.38715343897591653,0.7089483199666016,0.6681926333768067,0.0978724346674234,0.112181015608171,0.8058386860177141
rh_isthmuscingulate_FA,0.1682385575589459,0.16411566647603051,0.1589063999233279,0.24941959258569052,0.5763992729798705,0.5456358135556164,0.125975226202461,0.12064761209011707,0.7848499592312927
rh_posteriorcingulate_FA,0.1667128987517337,0.17098578579740634,0.0673432132077265,0.31719775336958617,0.4578329188709505,0.4058375504867699,0.17268715533775306,0.15465873873282676,0.7670399913992715
rh_inferiorparietal_KFA,0.16463245492371706,0.18171950215773475,0.03532289725007166,0.3909479669753011,0.7474280701228495,0.7060732597661994,0.08360108523067711,0.12405658901932372,0.74059846165735
rh_superiorfrontal_FA,0.16269070735090152,0.19173048713063678,0.1721084259810869,0.25949880418825816,0.6684460794124685,0.6393869865051547,0.10549956248142528,0.11810843569851336,0.7173088243161516
rh_parsopercularis_FA,0.1608876560332871,0.20173534908988222,0.09582111875081357,0.2696574089659625,0.650685085910307,0.6094449252882214,0.148515534091902,0.1572310474747245,0.6952179958398996
rh_parahippocampal_KFA,0.16074895977808598,0.20300464025845796,0.3140794719638689,0.10210899627501192,0.5290513023112016,0.509950912457942,0.1723850270657177,0.20066244717215018,0.6924940349162911
rh_caudalmiddlefrontal_MD,0.16005547850208043,0.20650412016937744,0.24929691393884512,0.1816935457968031,1.2206383120581503,1.2469353540657961,0.13391227854561735,0.15479907140969407,0.6850712788793754
lh_parahippocampal_MD,0.15866851595006934,0.21419744553485093,0.12540645694321484,0.23102685337710985,1.1115104409046666,1.1544121378195713,0.1900427192231712,0.18125335252885008,0.6691857127606224
rh_frontalpole_KFA,0.15742024965325938,0.22224500670152283,0.340021188877469,0.17544897552998526,0.48079736483936264,0.4516452083087494,0.17180315030879892,0.16031307518410098,0.6531679877765837
rh_lateralorbitofrontal_FA,0.1563106796116505,0.22865529563668843,0.22242702507415857,0.23649390919292285,0.6628049747804364,0.6364881317162939,0.1101204093581498,0.1124259641271988,0.6408187359445309
lh_lateralorbitofrontal_KFA,0.1539528432732316,0.24369969713028494,0.13083368592697742,0.2497578719597452,0.550769052672484,0.5136474295983029,0.14623169144034953,0.1509910904846227,0.6131450105556439
rh_precuneus_FA,0.1524271844660194,0.25314879872957113,0.17113902388654445,0.3057202120705425,0.690056130337495,0.6481102280955925,0.1134822915026002,0.15738934103756833,0.5966241291357472
rh_precentral_KFA,0.15173370319001386,0.2581654517534516,0.1041079717284933,0.3298838338931367,0.7771860736098186,0.7415128923434188,0.08689998444125643,0.12584241448004865,0.5881018763869171
lh_parstriangularis_KFA,0.15159500693481276,0.2596016758840229,0.1356290240075341,0.2623920201535531,0.5990340478936581,0.5617110885127251,0.11839746362855995,0.16262584754279388,0.5856925082320915
lh_precuneus_KFA,0.15034674063800277,0.26762223244518796,0.18304207034506048,0.3134889946431047,0.6285592661207373,0.5847359027476232,0.11909597704036055,0.15779718213922073,0.5724778108324814
rh_lingual_FA,0.14812760055478502,0.2838651558932979,0.11795903194874026,0.31692415791312817,0.5623702582418075,0.5251543907820098,0.11473067213452075,0.12006534746403852,0.5468879133282605
lh_parstriangularis_FA,0.1463245492371706,0.2963484393848569,0.1682553518206522,0.24903043355345597,0.6018888212511944,0.5653808007050175,0.12346167383937842,0.16655542460688685,0.5281973554785471
lh_parahippocampal_KFA,0.1449375866851595,0.3063289945581732,0.38735106309104606,0.1608383030926183,0.5049981817270153,0.47570985191148146,0.17965465798001715,0.18450894617581728,0.5138118945396055
rh_parstriangularis_MK,0.14382801664355063,0.3149539947630889,0.17602713922116497,0.24949982149142574,1.360753380713047,1.3256126787746982,0.14598329149471445,0.135511179994223,0.5017528788443085
rh_supramarginal_FA,0.14119278779472955,0.33629668341445806,0.39075711392565904,0.2535447900455353,0.6809380842125233,0.653628241099032,0.0915631406389239,0.12173736696425153,0.4732774157121326
rh_fusiform_FA,0.13966712898751735,0.34882500326662097,0.3789164269522447,0.07138255668628321,0.7418108917742315,0.7494271247541007,0.10153234259972435,0.11162103078870765,0.45739239302977147
lh_precuneus_FA,0.1389736477115118,0.3550190707840227,0.21205492472662657,0.3061698433448881,0.6292121921582068,0.5857349521605786,0.12254617518059704,0.15909907899476064,0.4497483170468527
rh_transversetemporal_KFA,0.13869625520110956,0.35639751826356286,0.4098108584653898,0.14438598962723098,0.6060267024755748,0.5832901923492345,0.15627162266742298,0.1586599906401498,0.44806532878834116
rh_lingual_KFA,0.13841886269070736,0.35976692331354193,0.1316226025349896,0.2990192597166138,0.5638764325808858,0.5291586165189163,0.11388212458372421,0.11828732369503056,0.4439787678463389
rh_parstriangularis_MD,0.13800277392510402,0.3627531679692658,0.19131544804116107,0.20006907801923635,1.3537374633939292,1.3241212358737735,0.1530903101308813,0.14279049117533643,0.4403887861250623
lh_superiortemporal_FA,0.13703190013869626,0.3703127760358935,0.5578211394991499,0.13774757517276595,0.6328378896460948,0.6107533731688763,0.14536431767478392,0.1740059247070457,0.4314313042449848
rh_precuneus_KFA,0.13356449375866852,0.40114469149243676,0.11086104511581764,0.3365608547864556,0.6892498658619495,0.6437645454707417,0.11292225249242428,0.15420180868034805,0.3966989506154094
rh_parahippocampal_FA,0.13287101248266298,0.40789885004018345,0.26887060685893827,0.11889786295954743,0.5306723892625438,0.5080595663815595,0.17217710349005047,0.2066330155062096,0.38944751905629776
lh_caudalanteriorcingulate_KFA,0.13231622746185853,0.4129633286227258,0.3307123274249163,0.13370281298357475,0.4535496176479186,0.47838287258626144,0.17276985091443978,0.19785184683464366,0.38408851222713364
lh_supramarginal_KFA,0.1319001386962552,0.41627306430944844,0.1364397672569454,0.3583011419035426,0.6064868268749599,0.5602114761275319,0.11710179468507191,0.1401702820430011,0.38062169000256996
lh_supramarginal_FA,0.13092926490984744,0.4264110725836399,0.177017133460165,0.3508825381878124,0.6067576801740112,0.5602134677144588,0.12047920339883517,0.14379244716770503,0.37017152654353785
lh_caudalmiddlefrontal_MD,0.12843273231622745,0.4490151131286045,0.45886342339643127,0.11837504120712783,1.2397046318467428,1.2551960035829939,0.13124092827993192,0.13049174976678943,0.3477390410949024
rh_caudalanteriorcingulate_KFA,0.12801664355062414,0.45314235138754533,0.8637132257189615,0.03172944918802666,0.38109293070770683,0.38585608197154064,0.14115860060873975,0.15857138610415067,0.3437653460874945
lh_temporalpole_KFA,0.127877947295423,0.4543833753079883,0.11723336338569312,0.2959307734903431,0.5844677880424449,0.5376093722471399,0.1564695437551134,0.1601935413736161,0.34257756669862877
rh_fusiform_KFA,0.1259361997226075,0.474526065001377,0.5110421091104551,0.059969450641458075,0.743702492375985,0.7499717634434643,0.09997601091090447,0.10891497404975871,0.32373992744033236
lh_isthmuscingulate_FA,0.12538141470180306,0.47989350946507264,0.3261214495694865,0.15330071915003068,0.454579218482657,0.4257740507149678,0.18017583222199443,0.19531847406824318,0.3188551238382924
rh_lateralorbitofrontal_KFA,0.12385575589459084,0.49428606743558495,0.24550318802507565,0.22141185433660732,0.6601671302315312,0.6360669946916312,0.1083557666855318,0.10933710027045643,0.3060216309333596
rh_entorhinal_KFA,0.12357836338418862,0.4981140710300446,0.5619842742143335,0.032834969492859245,0.5960412879232247,0.6012170210211187,0.1461057617874017,0.16836481731312913,0.30267118987896163
rh_entorhinal_FA,0.12302357836338419,0.5037314083547978,0.43302923433755003,0.08396550835513855,0.5896021435984519,0.6030050052524161,0.14824999693386373,0.17023868890831698,0.2978009694323142
lh_inferiortemporal_FA,0.12219140083217753,0.5116052766156949,0.2922997522548556,0.17878733045568465,0.5622525467633468,0.532875622441182,0.16971904307802702,0.1587211025457914,0.2910649849258666
rh_caudalanteriorcingulate_FA,0.1217753120665742,0.5169269230292677,0.8661456930133414,8.484815076512183e-05,0.38400573536708776,0.3839930043880416,0.13949162828060752,0.15990201062032822,0.28657084794731813
lh_medialorbitofrontal_KFA,0.12135922330097088,0.5211812549603785,0.2797285430262436,0.19904406241328804,0.39023660863461535,0.3569314906439082,0.17787817509538922,0.15606057249330813,0.2830112127093915
lh_caudalanteriorcingulate_FA,0.12080443828016643,0.5266786249633814,0.4294085901845951,0.13011849085700883,0.4544604755525892,0.4790237929968604,0.1769873152523167,0.19987157941205264,0.27845430694881496
rh_supramarginal_KFA,0.12011095700416088,0.5341010982014825,0.3739087831920822,0.2636091440562244,0.6831850766901806,0.6549689867179894,0.0892462479430144,0.12226693182976854,0.2723765290476132
rh_rostralanteriorcingulate_FA,0.11983356449375866,0.5359403872720726,0.2715580490101849,0.2331871408974057,0.6486303111999667,0.6186704840619942,0.1171920271669744,0.13885288817200578,0.2708835142598082
lh_frontalpole_FA,0.11983356449375866,0.5359403872720726,0.45886342339643127,0.1371464727494624,0.48049144925110365,0.45807576401897054,0.16974004717215033,0.15689424357249795,0.2708835142598082
rh_inferiortemporal_KFA,0.11927877947295423,0.5415466411392545,0.5915454944595466,0.1266167609481334,0.7329955321336693,0.7205246292168419,0.09436345444341383,0.10245681858947231,0.26636413346691346
lh_pericalcarine_MD,0.11914008321775311,0.5435140909151035,0.28527074787780593,0.17227977129243596,1.1633303413964207,1.1832585227054515,0.11305005615297974,0.11823849090836368,0.26478919209774815
lh_transversetemporal_FA,0.11872399445214979,0.5472600907534882,0.8758870800755886,0.05889957684684617,0.5789191085579285,0.5705109888446414,0.14172429135011297,0.1437753065693424,0.2618062218693857
lh_temporalpole_FA,0.11803051317614424,0.5552860826574194,0.18611439975844757,0.24614520106178273,0.5743374631231457,0.5351510580928155,0.15881809514632217,0.15958171248778008,0.25548321127591034
rh_caudalmiddlefrontal_MK,0.11775312066574202,0.5583886048099046,0.2531297499615718,0.20657861703212388,1.2160768991137803,1.2438792425516356,0.13032541112096607,0.13871347489153452,0.25306345306160516
lh_isthmuscingulate_KFA,0.11692094313453537,0.5675656566806909,0.24299826617767406,0.17666954246226704,0.45673703789443715,0.4245861328522008,0.17887069113400034,0.18504354470212764,0.2459838915184974
lh_transversetemporal_KFA,0.11636615811373092,0.5733039752183912,0.9938308530402084,0.028860916920456586,0.5737059563872066,0.5696650599085533,0.13550714758610474,0.14437782330054488,0.24161504687101412
rh_superiortemporal_FA,0.11553398058252427,0.5827780012512963,0.9248473005869662,0.04490727562295208,0.6406770447873396,0.6352331304074474,0.11523955225221469,0.12692978224583454,0.23449685037406165
rh_insula_KFA,0.11414701803051318,0.5961226363243222,0.5250580977122095,0.1654608680779024,0.7197707091877467,0.7025607796124308,0.10087056751397948,0.1070614566906545,0.22466438656829082
lh_lingual_FA,0.11345353675450763,0.6042351736758271,0.6979099911688744,0.0709448956843425,0.4508558042448973,0.4393896264913346,0.16314900841487412,0.16007820099967823,0.21879399722113518
lh_parahippocampal_FA,0.11234396671289876,0.6170301846213948,0.41510305575900175,0.1606531668784043,0.5051374705985514,0.47526262874773345,0.18197828986512135,0.18985552845047474,0.20969359010960492
lh_medialorbitofrontal_FA,0.11165048543689321,0.6250285478780461,0.20644592932704275,0.22275259153957888,0.39150202724852,0.3535717987501472,0.1797700359621605,0.16022808063214516,0.2041001460115079
lh_lingual_KFA,0.10998613037447989,0.642095518831985,0.6196177558094838,0.10635152432788564,0.45448040031199116,0.4375597068711844,0.16066029663906325,0.15752740061239734,0.1924003610028831
rh_bankssts_FA,0.1085991678224688,0.6568160489698376,0.3463206110761341,0.22722338843559872,0.558904495881343,0.5281386043968059,0.13141836186402892,0.1392665213770102,0.1825562439917124
rh_bankssts_KFA,0.10748959778085991,0.670405544026225,0.3185589903390331,0.24174915391932955,0.5605834020292735,0.5283984605842948,0.1266500611228147,0.13931578074357637,0.17366240289502125
lh_frontalpole_KFA,0.10582524271844661,0.6883174076555495,0.31855983156158896,0.15724091171905188,0.483079262552073,0.4576171050204945,0.16984220351913626,0.15361262577895257,0.16221124693159317
rh_transversetemporal_FA,0.10499306518723994,0.6957719307479165,0.5270781423062559,0.11189730349785117,0.5990778719102989,0.581605510719395,0.15542752423629946,0.15686198271817103,0.15753309580570832
rh_frontalpole_FA,0.10485436893203884,0.6976600390514835,0.47591710517495556,0.13203762514883288,0.47387227379372415,0.45134757823224225,0.1742612769304674,0.16684410596907598,0.15635615206235284
rh_middletemporal_KFA,0.10416088765603329,0.7053667274440165,0.5787890213102012,0.13152426079768506,0.7559762774843163,0.7420258759190542,0.09891609959233999,0.11276559591888019,0.1515850301069564
rh_rostralanteriorcingulate_KFA,0.10319001386962552,0.7163901529489708,0.40281985484481886,0.19104940932824122,0.6441098156753547,0.6196171903092645,0.11801820473198509,0.13763149294244603,0.14485039232233057
lh_fusiform_KFA,0.1027739251040222,0.7209607888296604,0.932220394802049,0.09655632174197046,0.6244235067515338,0.610726795840383,0.13491945998984076,0.14846124087022014,0.14208835477847073
lh_entorhinal_FA,0.10194174757281553,0.7305960972087432,0.6706496262269377,0.0536150850613644,0.5251941585709795,0.5165128102104055,0.1545172826035749,0.16899854179238036,0.13632265208746652
rh_superiortemporal_KFA,0.10180305131761443,0.7323330184519851,0.5703578220573102,0.11766649685070862,0.6464625027489918,0.6324757460466817,0.11387248603371412,0.12366147740009374,0.13529138453278172
rh_insula_FA,0.10069348127600555,0.7431251180718249,0.5351910008010708,0.1697164901831807,0.7201549491836615,0.7020724750228792,0.10235687802137503,0.11057495511705943,0.12893805903412073
lh_inferiortemporal_KFA,0.09875173370319001,0.7627781489018329,0.37059412032476546,0.1591821698562577,0.5592405955385008,0.5331903624282138,0.1669775582973812,0.16025427311407706,0.11760175656373809
rh_middletemporal_FA,0.09847434119278779,0.7662818213829764,0.8033852167954664,0.09335216845769366,0.7523089963404606,0.7421896970788999,0.10077642233216656,0.11552004428939068,0.11561147715335791
lh_superiortemporal_KFA,0.09847434119278779,0.7662818213829764,0.6371773088416506,0.1136669174822774,0.626580694970652,0.6084278209547737,0.14064838626557763,0.1767136486664361,0.11561147715335791
rh_medialorbitofrontal_FA,0.09805825242718447,0.77084294389479,0.7186165773785577,0.06995682529447818,0.4717077511487653,0.46107784101990806,0.15550399716017474,0.1483099989398532,0.11303409866497302
lh_rostralmiddlefrontal_KFA,0.09320388349514563,0.8194315402511361,0.5130293192437707,0.1792764679485451,0.47525842772343735,0.4495214209202253,0.13607907042847342,0.15067076901926713,0.08648732389104496
lh_parstriangularis_MD,0.0897364771151179,0.8499477666878021,0.9371393901231854,0.011267957349753407,1.3316142117276897,1.333341865981001,0.14052204458735834,0.16513744991359308,0.07060776291662961
lh_rostralmiddlefrontal_FA,0.0897364771151179,0.8499477666878021,0.5011517690052318,0.15355787024954168,0.4702703762572502,0.44811970155348657,0.1364666298651724,0.15163378011468598,0.07060776291662961
lh_insula_KFA,0.08904299583911235,0.8568420541994368,0.6933374233380455,0.047831052224890896,0.6322183030510301,0.6251282986130469,0.14697991078577272,0.14946994822742662,0.06709922628153633
lh_fusiform_FA,0.0884882108183079,0.8621929375196531,0.7024927049736983,0.14714601115861636,0.6288775185991944,0.6078879747783211,0.13338379174478054,0.1513392628936808,0.06439553890361684
lh_caudalmiddlefrontal_MK,0.08710124826629681,0.8743338616296734,0.6239889257770317,0.10069457966072443,1.2437589166615268,1.2563389795176398,0.12615262814238132,0.12370108549631269,0.05832270171667145
lh_entorhinal_KFA,0.0841886269070735,0.8967774304414405,0.6174384013652108,0.052431288489716954,0.5225381509255989,0.5141342014954163,0.15643028532528241,0.16404917744161168,0.04731533033958158
lh_rostralanteriorcingulate_FA,0.0826629680998613,0.9086861352915653,0.9962984967992197,0.034409969016011815,0.43917560978061465,0.4336629998487466,0.14694205011276168,0.17244880047815206,0.04158609835036846
lh_posteriorcingulate_FA,0.08085991678224688,0.9195945749913286,0.6438160768293326,0.06315140421666202,0.4289595708608132,0.41857982265912025,0.1708412302812816,0.15761853505719065,0.036403599449604855
rh_inferiortemporal_FA,0.08044382801664356,0.9222746710542021,0.6639000368720354,0.13098603077420742,0.7329095524378708,0.7198566770173934,0.09345072398846098,0.10548727225672344,0.035139718471022034
lh_parstriangularis_MK,0.08002773925104022,0.9251813937430438,0.9469840020925168,0.010678234805614552,1.330662921945648,1.3290808261523575,0.13497400083548433,0.16026622665849516,0.033773109878913396
lh_insula_FA,0.07988904299583911,0.9261863805889428,0.6639000368720354,0.05168632152296304,0.6322695796220444,0.6245408558133564,0.1488492365025604,0.15021030341283403,0.03330160952065821
rh_medialorbitofrontal_KFA,0.07933425797503467,0.9300532685165901,0.6933375920065241,0.0645723419566562,0.4702992879493402,0.4606916768651795,0.15257559426368258,0.14490211799824546,0.03149217665004463
lh_parsorbitalis_KFA,0.0766990291262136,0.9453759812185702,0.7819309561954793,0.008067701103192377,0.5281973448858962,0.5293604060968221,0.1330186229739527,0.15450497773745564,0.024395435835460298
lh_rostralanteriorcingulate_KFA,0.07489597780859916,0.9542713236177051,0.979027131374159,0.034289866326155376,0.4426937804058076,0.43740655579498555,0.14348301728196777,0.16420413277416607,0.020328126766827805
lh_posteriorcingulate_KFA,0.07184466019417475,0.9673553105641018,0.8443036922731539,0.03489812962442915,0.4274596522651132,0.42168711608045173,0.17044377098070795,0.16022031815547094,0.014413979820948554
lh_parsorbitalis_FA,0.07142857142857142,0.9686966919812704,0.7700822856455243,0.0023613264416503634,0.5285360553566739,0.5281868539076389,0.13516850950357687,0.1595888180626447,0.013812183340220753
